date,native_scans,eligible_windows,retained_datetime_candidates,error
2016-01-01,0,0,0,
2016-01-02,0,0,0,
2016-01-03,0,0,0,
2016-01-04,0,0,0,
2016-01-05,0,0,0,
2016-01-06,0,0,0,
2016-01-07,0,0,0,
2016-01-08,0,0,0,
2016-01-09,0,0,0,
2016-01-10,0,0,0,
2016-01-11,0,0,0,
2016-01-12,0,0,0,
2016-01-13,0,0,0,
2016-01-14,0,0,0,
2016-01-15,0,0,0,
2016-01-16,0,0,0,
2016-01-17,0,0,0,
2016-01-18,0,0,0,
2016-01-19,0,0,0,
2016-01-20,0,0,0,
2016-01-21,0,0,0,
2016-01-22,0,0,0,
2016-01-23,0,0,0,
2016-01-24,0,0,0,
2016-01-25,0,0,0,
2016-01-26,0,0,0,
2016-01-27,0,0,0,
2016-01-28,0,0,0,
2016-01-29,0,0,0,
2016-01-30,0,0,0,
2016-01-31,0,0,0,
2016-02-01,0,0,0,
2016-02-02,0,0,0,
2016-02-03,0,0,0,
2016-02-04,0,0,0,
2016-02-05,0,0,0,
2016-02-06,0,0,0,
2016-02-07,0,0,0,
2016-02-08,0,0,0,
2016-02-09,0,0,0,
2016-02-10,0,0,0,
2016-02-11,0,0,0,
2016-02-12,0,0,0,
2016-02-13,0,0,0,
2016-02-14,0,0,0,
2016-02-15,0,0,0,
2016-02-16,0,0,0,
2016-02-17,0,0,0,
2016-02-18,0,0,0,
2016-02-19,0,0,0,
2016-02-20,0,0,0,
2016-02-21,0,0,0,
2016-02-22,0,0,0,
2016-02-23,0,0,0,
2016-02-24,0,0,0,
2016-02-25,0,0,0,
2016-02-26,0,0,0,
2016-02-27,0,0,0,
2016-02-28,0,0,0,
2016-02-29,0,0,0,
2016-03-01,0,0,0,
2016-03-02,0,0,0,
2016-03-03,0,0,0,
2016-03-04,0,0,0,
2016-03-05,0,0,0,
2016-03-06,0,0,0,
2016-03-07,0,0,0,
2016-03-08,0,0,0,
2016-03-09,0,0,0,
2016-03-10,0,0,0,
2016-03-11,0,0,0,
2016-03-12,0,0,0,
2016-03-13,0,0,0,
2016-03-14,0,0,0,
2016-03-15,0,0,0,
2016-03-16,0,0,0,
2016-03-17,0,0,0,
2016-03-18,0,0,0,
2016-03-19,0,0,0,
2016-03-20,0,0,0,
2016-03-21,0,0,0,
2016-03-22,0,0,0,
2016-03-23,0,0,0,
2016-03-24,0,0,0,
2016-03-25,0,0,0,
2016-03-26,0,0,0,
2016-03-27,0,0,0,
2016-03-28,0,0,0,
2016-03-29,0,0,0,
2016-03-30,0,0,0,
2016-03-31,0,0,0,
2016-04-01,0,0,0,
2016-04-02,0,0,0,
2016-04-03,0,0,0,
2016-04-04,0,0,0,
2016-04-05,0,0,0,
2016-04-06,0,0,0,
2016-04-07,0,0,0,
2016-04-08,0,0,0,
2016-04-09,0,0,0,
2016-04-10,0,0,0,
2016-04-11,0,0,0,
2016-04-12,0,0,0,
2016-04-13,0,0,0,
2016-04-14,0,0,0,
2016-04-15,0,0,0,
2016-04-16,0,0,0,
2016-04-17,0,0,0,
2016-04-18,0,0,0,
2016-04-19,0,0,0,
2016-04-20,0,0,0,
2016-04-21,0,0,0,
2016-04-22,0,0,0,
2016-04-23,0,0,0,
2016-04-24,0,0,0,
2016-04-25,0,0,0,
2016-04-26,0,0,0,
2016-04-27,0,0,0,
2016-04-28,0,0,0,
2016-04-29,0,0,0,
2016-04-30,0,0,0,
2016-05-01,0,0,0,
2016-05-02,0,0,0,
2016-05-03,0,0,0,
2016-05-04,0,0,0,
2016-05-05,0,0,0,
2016-05-06,0,0,0,
2016-05-07,0,0,0,
2016-05-08,0,0,0,
2016-05-09,0,0,0,
2016-05-10,0,0,0,
2016-05-11,0,0,0,
2016-05-12,0,0,0,
2016-05-13,0,0,0,
2016-05-14,0,0,0,
2016-05-15,0,0,0,
2016-05-16,0,0,0,
2016-05-17,0,0,0,
2016-05-18,0,0,0,
2016-05-19,0,0,0,
2016-05-20,0,0,0,
2016-05-21,0,0,0,
2016-05-22,0,0,0,
2016-05-23,0,0,0,
2016-05-24,0,0,0,
2016-05-25,0,0,0,
2016-05-26,0,0,0,
2016-05-27,0,0,0,
2016-05-28,0,0,0,
2016-05-29,0,0,0,
2016-05-30,0,0,0,
2016-05-31,0,0,0,
2016-06-01,0,0,0,
2016-06-02,0,0,0,
2016-06-03,0,0,0,
2016-06-04,0,0,0,
2016-06-05,0,0,0,
2016-06-06,0,0,0,
2016-06-07,0,0,0,
2016-06-08,0,0,0,
2016-06-09,0,0,0,
2016-06-10,0,0,0,
2016-06-11,0,0,0,
2016-06-12,0,0,0,
2016-06-13,0,0,0,
2016-06-14,0,0,0,
2016-06-15,0,0,0,
2016-06-16,0,0,0,
2016-06-17,0,0,0,
2016-06-18,0,0,0,
2016-06-19,0,0,0,
2016-06-20,0,0,0,
2016-06-21,0,0,0,
2016-06-22,0,0,0,
2016-06-23,0,0,0,
2016-06-24,0,0,0,
2016-06-25,0,0,0,
2016-06-26,0,0,0,
2016-06-27,0,0,0,
2016-06-28,0,0,0,
2016-06-29,0,0,0,
2016-06-30,0,0,0,
2016-07-01,0,0,0,
2016-07-02,0,0,0,
2016-07-03,0,0,0,
2016-07-04,0,0,0,
2016-07-05,0,0,0,
2016-07-06,0,0,0,
2016-07-07,0,0,0,
2016-07-08,0,0,0,
2016-07-09,0,0,0,
2016-07-10,0,0,0,
2016-07-11,0,0,0,
2016-07-12,0,0,0,
2016-07-13,0,0,0,
2016-07-14,0,0,0,
2016-07-15,0,0,0,
2016-07-16,0,0,0,
2016-07-17,0,0,0,
2016-07-18,0,0,0,
2016-07-19,0,0,0,
2016-07-20,0,0,0,
2016-07-21,0,0,0,
2016-07-22,0,0,0,
2016-07-23,0,0,0,
2016-07-24,0,0,0,
2016-07-25,0,0,0,
2016-07-26,0,0,0,
2016-07-27,0,0,0,
2016-07-28,0,0,0,
2016-07-29,0,0,0,
2016-07-30,0,0,0,
2016-07-31,0,0,0,
2016-08-01,0,0,0,
2016-08-02,0,0,0,
2016-08-03,0,0,0,
2016-08-04,0,0,0,
2016-08-05,0,0,0,
2016-08-06,0,0,0,
2016-08-07,0,0,0,
2016-08-08,0,0,0,
2016-08-09,0,0,0,
2016-08-10,0,0,0,
2016-08-11,0,0,0,
2016-08-12,0,0,0,
2016-08-13,0,0,0,
2016-08-14,0,0,0,
2016-08-15,0,0,0,
2016-08-16,0,0,0,
2016-08-17,0,0,0,
2016-08-18,0,0,0,
2016-08-19,0,0,0,
2016-08-20,0,0,0,
2016-08-21,0,0,0,
2016-08-22,0,0,0,
2016-08-23,0,0,0,
2016-08-24,0,0,0,
2016-08-25,0,0,0,
2016-08-26,0,0,0,
2016-08-27,0,0,0,
2016-08-28,0,0,0,
2016-08-29,0,0,0,
2016-08-30,0,0,0,
2016-08-31,0,0,0,
2016-09-01,0,0,0,
2016-09-02,0,0,0,
2016-09-03,0,0,0,
2016-09-04,0,0,0,
2016-09-05,0,0,0,
2016-09-06,0,0,0,
2016-09-07,0,0,0,
2016-09-08,0,0,0,
2016-09-09,0,0,0,
2016-09-10,0,0,0,
2016-09-11,0,0,0,
2016-09-12,0,0,0,
2016-09-13,0,0,0,
2016-09-14,0,0,0,
2016-09-15,0,0,0,
2016-09-16,0,0,0,
2016-09-17,0,0,0,
2016-09-18,0,0,0,
2016-09-19,0,0,0,
2016-09-20,0,0,0,
2016-09-21,0,0,0,
2016-09-22,0,0,0,
2016-09-23,0,0,0,
2016-09-24,0,0,0,
2016-09-25,0,0,0,
2016-09-26,0,0,0,
2016-09-27,0,0,0,
2016-09-28,0,0,0,
2016-09-29,0,0,0,
2016-09-30,0,0,0,
2016-10-01,0,0,0,
2016-10-02,0,0,0,
2016-10-03,0,0,0,
2016-10-04,0,0,0,
2016-10-05,0,0,0,
2016-10-06,0,0,0,
2016-10-07,0,0,0,
2016-10-08,0,0,0,
2016-10-09,0,0,0,
2016-10-10,0,0,0,
2016-10-11,0,0,0,
2016-10-12,0,0,0,
2016-10-13,0,0,0,
2016-10-14,0,0,0,
2016-10-15,0,0,0,
2016-10-16,0,0,0,
2016-10-17,0,0,0,
2016-10-18,0,0,0,
2016-10-19,0,0,0,
2016-10-20,0,0,0,
2016-10-21,0,0,0,
2016-10-22,0,0,0,
2016-10-23,0,0,0,
2016-10-24,0,0,0,
2016-10-25,0,0,0,
2016-10-26,0,0,0,
2016-10-27,0,0,0,
2016-10-28,0,0,0,
2016-10-29,0,0,0,
2016-10-30,0,0,0,
2016-10-31,0,0,0,
2016-11-01,0,0,0,
2016-11-02,0,0,0,
2016-11-03,0,0,0,
2016-11-04,0,0,0,
2016-11-05,0,0,0,
2016-11-06,0,0,0,
2016-11-07,0,0,0,
2016-11-08,0,0,0,
2016-11-09,0,0,0,
2016-11-10,0,0,0,
2016-11-11,0,0,0,
2016-11-12,0,0,0,
2016-11-13,0,0,0,
2016-11-14,0,0,0,
2016-11-15,0,0,0,
2016-11-16,0,0,0,
2016-11-17,0,0,0,
2016-11-18,0,0,0,
2016-11-19,0,0,0,
2016-11-20,0,0,0,
2016-11-21,0,0,0,
2016-11-22,0,0,0,
2016-11-23,0,0,0,
2016-11-24,0,0,0,
2016-11-25,0,0,0,
2016-11-26,0,0,0,
2016-11-27,0,0,0,
2016-11-28,0,0,0,
2016-11-29,0,0,0,
2016-11-30,0,0,0,
2016-12-01,0,0,0,
2016-12-02,0,0,0,
2016-12-03,0,0,0,
2016-12-04,0,0,0,
2016-12-05,0,0,0,
2016-12-06,0,0,0,
2016-12-07,0,0,0,
2016-12-08,0,0,0,
2016-12-09,0,0,0,
2016-12-10,0,0,0,
2016-12-11,0,0,0,
2016-12-12,0,0,0,
2016-12-13,0,0,0,
2016-12-14,0,0,0,
2016-12-15,0,0,0,
2016-12-16,0,0,0,
2016-12-17,0,0,0,
2016-12-18,0,0,0,
2016-12-19,0,0,0,
2016-12-20,0,0,0,
2016-12-21,0,0,0,
2016-12-22,0,0,0,
2016-12-23,0,0,0,
2016-12-24,0,0,0,
2016-12-25,0,0,0,
2016-12-26,0,0,0,
2016-12-27,0,0,0,
2016-12-28,0,0,0,
2016-12-29,0,0,0,
2016-12-30,0,0,0,
2016-12-31,0,0,0,
2017-01-01,0,0,0,
2017-01-02,0,0,0,
2017-01-03,0,0,0,
2017-01-04,0,0,0,
2017-01-05,0,0,0,
2017-01-06,0,0,0,
2017-01-07,0,0,0,
2017-01-08,0,0,0,
2017-01-09,0,0,0,
2017-01-10,0,0,0,
2017-01-11,0,0,0,
2017-01-12,0,0,0,
2017-01-13,0,0,0,
2017-01-14,0,0,0,
2017-01-15,0,0,0,
2017-01-16,0,0,0,
2017-01-17,0,0,0,
2017-01-18,0,0,0,
2017-01-19,0,0,0,
2017-01-20,0,0,0,
2017-01-21,0,0,0,
2017-01-22,0,0,0,
2017-01-23,0,0,0,
2017-01-24,0,0,0,
2017-01-25,0,0,0,
2017-01-26,0,0,0,
2017-01-27,0,0,0,
2017-01-28,0,0,0,
2017-01-29,0,0,0,
2017-01-30,0,0,0,
2017-01-31,0,0,0,
2017-02-01,0,0,0,
2017-02-02,0,0,0,
2017-02-03,0,0,0,
2017-02-04,0,0,0,
2017-02-05,0,0,0,
2017-02-06,0,0,0,
2017-02-07,0,0,0,
2017-02-08,0,0,0,
2017-02-09,0,0,0,
2017-02-10,0,0,0,
2017-02-11,0,0,0,
2017-02-12,0,0,0,
2017-02-13,0,0,0,
2017-02-14,0,0,0,
2017-02-15,0,0,0,
2017-02-16,0,0,0,
2017-02-17,0,0,0,
2017-02-18,0,0,0,
2017-02-19,0,0,0,
2017-02-20,0,0,0,
2017-02-21,0,0,0,
2017-02-22,0,0,0,
2017-02-23,0,0,0,
2017-02-24,0,0,0,
2017-02-25,0,0,0,
2017-02-26,0,0,0,
2017-02-27,0,0,0,
2017-02-28,0,0,0,
2017-03-01,0,0,0,
2017-03-02,0,0,0,
2017-03-03,0,0,0,
2017-03-04,0,0,0,
2017-03-05,0,0,0,
2017-03-06,0,0,0,
2017-03-07,0,0,0,
2017-03-08,0,0,0,
2017-03-09,0,0,0,
2017-03-10,0,0,0,
2017-03-11,0,0,0,
2017-03-12,0,0,0,
2017-03-13,0,0,0,
2017-03-14,0,0,0,
2017-03-15,0,0,0,
2017-03-16,0,0,0,
2017-03-17,0,0,0,
2017-03-18,0,0,0,
2017-03-19,0,0,0,
2017-03-20,0,0,0,
2017-03-21,0,0,0,
2017-03-22,0,0,0,
2017-03-23,0,0,0,
2017-03-24,0,0,0,
2017-03-25,0,0,0,
2017-03-26,0,0,0,
2017-03-27,0,0,0,
2017-03-28,0,0,0,
2017-03-29,0,0,0,
2017-03-30,0,0,0,
2017-03-31,0,0,0,
2017-04-01,0,0,0,
2017-04-02,0,0,0,
2017-04-03,0,0,0,
2017-04-04,0,0,0,
2017-04-05,0,0,0,
2017-04-06,0,0,0,
2017-04-07,0,0,0,
2017-04-08,0,0,0,
2017-04-09,0,0,0,
2017-04-10,0,0,0,
2017-04-11,0,0,0,
2017-04-12,0,0,0,
2017-04-13,0,0,0,
2017-04-14,0,0,0,
2017-04-15,0,0,0,
2017-04-16,0,0,0,
2017-04-17,0,0,0,
2017-04-18,0,0,0,
2017-04-19,0,0,0,
2017-04-20,0,0,0,
2017-04-21,0,0,0,
2017-04-22,0,0,0,
2017-04-23,0,0,0,
2017-04-24,0,0,0,
2017-04-25,0,0,0,
2017-04-26,0,0,0,
2017-04-27,0,0,0,
2017-04-28,0,0,0,
2017-04-29,0,0,0,
2017-04-30,0,0,0,
2017-05-01,0,0,0,
2017-05-02,0,0,0,
2017-05-03,0,0,0,
2017-05-04,0,0,0,
2017-05-05,0,0,0,
2017-05-06,0,0,0,
2017-05-07,0,0,0,
2017-05-08,0,0,0,
2017-05-09,0,0,0,
2017-05-10,0,0,0,
2017-05-11,0,0,0,
2017-05-12,0,0,0,
2017-05-13,0,0,0,
2017-05-14,0,0,0,
2017-05-15,0,0,0,
2017-05-16,0,0,0,
2017-05-17,0,0,0,
2017-05-18,0,0,0,
2017-05-19,0,0,0,
2017-05-20,0,0,0,
2017-05-21,0,0,0,
2017-05-22,0,0,0,
2017-05-23,0,0,0,
2017-05-24,0,0,0,
2017-05-25,0,0,0,
2017-05-26,0,0,0,
2017-05-27,0,0,0,
2017-05-28,0,0,0,
2017-05-29,0,0,0,
2017-05-30,0,0,0,
2017-05-31,0,0,0,
2017-06-01,0,0,0,
2017-06-02,0,0,0,
2017-06-03,0,0,0,
2017-06-04,0,0,0,
2017-06-05,0,0,0,
2017-06-06,0,0,0,
2017-06-07,0,0,0,
2017-06-08,0,0,0,
2017-06-09,0,0,0,
2017-06-10,0,0,0,
2017-06-11,0,0,0,
2017-06-12,0,0,0,
2017-06-13,0,0,0,
2017-06-14,0,0,0,
2017-06-15,0,0,0,
2017-06-16,0,0,0,
2017-06-17,0,0,0,
2017-06-18,0,0,0,
2017-06-19,0,0,0,
2017-06-20,0,0,0,
2017-06-21,0,0,0,
2017-06-22,0,0,0,
2017-06-23,0,0,0,
2017-06-24,0,0,0,
2017-06-25,0,0,0,
2017-06-26,0,0,0,
2017-06-27,0,0,0,
2017-06-28,0,0,0,
2017-06-29,0,0,0,
2017-06-30,0,0,0,
2017-07-01,0,0,0,
2017-07-02,0,0,0,
2017-07-03,0,0,0,
2017-07-04,0,0,0,
2017-07-05,0,0,0,
2017-07-06,0,0,0,
2017-07-07,0,0,0,
2017-07-08,0,0,0,
2017-07-09,0,0,0,
2017-07-10,0,0,0,
2017-07-11,0,0,0,
2017-07-12,0,0,0,
2017-07-13,0,0,0,
2017-07-14,0,0,0,
2017-07-15,0,0,0,
2017-07-16,0,0,0,
2017-07-17,0,0,0,
2017-07-18,0,0,0,
2017-07-19,0,0,0,
2017-07-20,0,0,0,
2017-07-21,0,0,0,
2017-07-22,0,0,0,
2017-07-23,0,0,0,
2017-07-24,0,0,0,
2017-07-25,0,0,0,
2017-07-26,0,0,0,
2017-07-27,0,0,0,
2017-07-28,0,0,0,
2017-07-29,0,0,0,
2017-07-30,0,0,0,
2017-07-31,0,0,0,
2017-08-01,0,0,0,
2017-08-02,0,0,0,
2017-08-03,0,0,0,
2017-08-04,0,0,0,
2017-08-05,0,0,0,
2017-08-06,0,0,0,
2017-08-07,0,0,0,
2017-08-08,0,0,0,
2017-08-09,0,0,0,
2017-08-10,0,0,0,
2017-08-11,0,0,0,
2017-08-12,0,0,0,
2017-08-13,0,0,0,
2017-08-14,0,0,0,
2017-08-15,0,0,0,
2017-08-16,0,0,0,
2017-08-17,0,0,0,
2017-08-18,0,0,0,
2017-08-19,0,0,0,
2017-08-20,0,0,0,
2017-08-21,0,0,0,
2017-08-22,0,0,0,
2017-08-23,0,0,0,
2017-08-24,0,0,0,
2017-08-25,0,0,0,
2017-08-26,0,0,0,
2017-08-27,0,0,0,
2017-08-28,0,0,0,
2017-08-29,0,0,0,
2017-08-30,0,0,0,
2017-08-31,0,0,0,
2017-09-01,0,0,0,
2017-09-02,0,0,0,
2017-09-03,0,0,0,
2017-09-04,0,0,0,
2017-09-05,0,0,0,
2017-09-06,0,0,0,
2017-09-07,0,0,0,
2017-09-08,0,0,0,
2017-09-09,0,0,0,
2017-09-10,0,0,0,
2017-09-11,0,0,0,
2017-09-12,0,0,0,
2017-09-13,0,0,0,
2017-09-14,0,0,0,
2017-09-15,0,0,0,
2017-09-16,0,0,0,
2017-09-17,0,0,0,
2017-09-18,0,0,0,
2017-09-19,0,0,0,
2017-09-20,0,0,0,
2017-09-21,0,0,0,
2017-09-22,0,0,0,
2017-09-23,0,0,0,
2017-09-24,0,0,0,
2017-09-25,0,0,0,
2017-09-26,0,0,0,
2017-09-27,0,0,0,
2017-09-28,0,0,0,
2017-09-29,0,0,0,
2017-09-30,0,0,0,
2017-10-01,0,0,0,
2017-10-02,0,0,0,
2017-10-03,0,0,0,
2017-10-04,0,0,0,
2017-10-05,0,0,0,
2017-10-06,0,0,0,
2017-10-07,0,0,0,
2017-10-08,0,0,0,
2017-10-09,0,0,0,
2017-10-10,0,0,0,
2017-10-11,0,0,0,
2017-10-12,0,0,0,
2017-10-13,0,0,0,
2017-10-14,0,0,0,
2017-10-15,0,0,0,
2017-10-16,0,0,0,
2017-10-17,0,0,0,
2017-10-18,0,0,0,
2017-10-19,0,0,0,
2017-10-20,0,0,0,
2017-10-21,0,0,0,
2017-10-22,0,0,0,
2017-10-23,0,0,0,
2017-10-24,0,0,0,
2017-10-25,0,0,0,
2017-10-26,0,0,0,
2017-10-27,0,0,0,
2017-10-28,0,0,0,
2017-10-29,0,0,0,
2017-10-30,0,0,0,
2017-10-31,0,0,0,
2017-11-01,0,0,0,
2017-11-02,0,0,0,
2017-11-03,0,0,0,
2017-11-04,0,0,0,
2017-11-05,0,0,0,
2017-11-06,0,0,0,
2017-11-07,0,0,0,
2017-11-08,0,0,0,
2017-11-09,0,0,0,
2017-11-10,0,0,0,
2017-11-11,0,0,0,
2017-11-12,0,0,0,
2017-11-13,0,0,0,
2017-11-14,0,0,0,
2017-11-15,0,0,0,
2017-11-16,0,0,0,
2017-11-17,0,0,0,
2017-11-18,0,0,0,
2017-11-19,0,0,0,
2017-11-20,0,0,0,
2017-11-21,0,0,0,
2017-11-22,0,0,0,
2017-11-23,0,0,0,
2017-11-24,0,0,0,
2017-11-25,0,0,0,
2017-11-26,0,0,0,
2017-11-27,0,0,0,
2017-11-28,0,0,0,
2017-11-29,0,0,0,
2017-11-30,0,0,0,
2017-12-01,0,0,0,
2017-12-02,0,0,0,
2017-12-03,0,0,0,
2017-12-04,0,0,0,
2017-12-05,0,0,0,
2017-12-06,0,0,0,
2017-12-07,0,0,0,
2017-12-08,0,0,0,
2017-12-09,0,0,0,
2017-12-10,0,0,0,
2017-12-11,0,0,0,
2017-12-12,0,0,0,
2017-12-13,0,0,0,
2017-12-14,0,0,0,
2017-12-15,0,0,0,
2017-12-16,0,0,0,
2017-12-17,0,0,0,
2017-12-18,0,0,0,
2017-12-19,0,0,0,
2017-12-20,0,0,0,
2017-12-21,0,0,0,
2017-12-22,0,0,0,
2017-12-23,0,0,0,
2017-12-24,0,0,0,
2017-12-25,0,0,0,
2017-12-26,0,0,0,
2017-12-27,0,0,0,
2017-12-28,0,0,0,
2017-12-29,0,0,0,
2017-12-30,0,0,0,
2017-12-31,0,0,0,
2018-01-01,0,0,0,
2018-01-02,0,0,0,
2018-01-03,0,0,0,
2018-01-04,0,0,0,
2018-01-05,0,0,0,
2018-01-06,0,0,0,
2018-01-07,0,0,0,
2018-01-08,0,0,0,
2018-01-09,0,0,0,
2018-01-10,0,0,0,
2018-01-11,0,0,0,
2018-01-12,0,0,0,
2018-01-13,0,0,0,
2018-01-14,0,0,0,
2018-01-15,0,0,0,
2018-01-16,0,0,0,
2018-01-17,0,0,0,
2018-01-18,0,0,0,
2018-01-19,0,0,0,
2018-01-20,0,0,0,
2018-01-21,0,0,0,
2018-01-22,0,0,0,
2018-01-23,0,0,0,
2018-01-24,0,0,0,
2018-01-25,0,0,0,
2018-01-26,0,0,0,
2018-01-27,0,0,0,
2018-01-28,0,0,0,
2018-01-29,0,0,0,
2018-01-30,0,0,0,
2018-01-31,0,0,0,
2018-02-01,0,0,0,
2018-02-02,0,0,0,
2018-02-03,0,0,0,
2018-02-04,0,0,0,
2018-02-05,0,0,0,
2018-02-06,0,0,0,
2018-02-07,0,0,0,
2018-02-08,0,0,0,
2018-02-09,0,0,0,
2018-02-10,0,0,0,
2018-02-11,0,0,0,
2018-02-12,0,0,0,
2018-02-13,0,0,0,
2018-02-14,0,0,0,
2018-02-15,0,0,0,
2018-02-16,0,0,0,
2018-02-17,0,0,0,
2018-02-18,0,0,0,
2018-02-19,0,0,0,
2018-02-20,0,0,0,
2018-02-21,0,0,0,
2018-02-22,0,0,0,
2018-02-23,0,0,0,
2018-02-24,0,0,0,
2018-02-25,0,0,0,
2018-02-26,0,0,0,
2018-02-27,0,0,0,
2018-02-28,0,0,0,
2018-03-01,0,0,0,
2018-03-02,0,0,0,
2018-03-03,0,0,0,
2018-03-04,0,0,0,
2018-03-05,0,0,0,
2018-03-06,0,0,0,
2018-03-07,0,0,0,
2018-03-08,0,0,0,
2018-03-09,0,0,0,
2018-03-10,0,0,0,
2018-03-11,0,0,0,
2018-03-12,0,0,0,
2018-03-13,0,0,0,
2018-03-14,0,0,0,
2018-03-15,0,0,0,
2018-03-16,0,0,0,
2018-03-17,0,0,0,
2018-03-18,0,0,0,
2018-03-19,0,0,0,
2018-03-20,0,0,0,
2018-03-21,0,0,0,
2018-03-22,0,0,0,
2018-03-23,0,0,0,
2018-03-24,0,0,0,
2018-03-25,0,0,0,
2018-03-26,0,0,0,
2018-03-27,0,0,0,
2018-03-28,0,0,0,
2018-03-29,0,0,0,
2018-03-30,0,0,0,
2018-03-31,0,0,0,
2018-04-01,0,0,0,
2018-04-02,0,0,0,
2018-04-03,0,0,0,
2018-04-04,0,0,0,
2018-04-05,0,0,0,
2018-04-06,0,0,0,
2018-04-07,0,0,0,
2018-04-08,0,0,0,
2018-04-09,0,0,0,
2018-04-10,0,0,0,
2018-04-11,0,0,0,
2018-04-12,0,0,0,
2018-04-13,0,0,0,
2018-04-14,0,0,0,
2018-04-15,0,0,0,
2018-04-16,0,0,0,
2018-04-17,0,0,0,
2018-04-18,0,0,0,
2018-04-19,0,0,0,
2018-04-20,0,0,0,
2018-04-21,0,0,0,
2018-04-22,0,0,0,
2018-04-23,0,0,0,
2018-04-24,0,0,0,
2018-04-25,0,0,0,
2018-04-26,0,0,0,
2018-04-27,0,0,0,
2018-04-28,0,0,0,
2018-04-29,0,0,0,
2018-04-30,0,0,0,
2018-05-01,0,0,0,
2018-05-02,0,0,0,
2018-05-03,0,0,0,
2018-05-04,0,0,0,
2018-05-05,0,0,0,
2018-05-06,0,0,0,
2018-05-07,0,0,0,
2018-05-08,0,0,0,
2018-05-09,0,0,0,
2018-05-10,0,0,0,
2018-05-11,0,0,0,
2018-05-12,0,0,0,
2018-05-13,0,0,0,
2018-05-14,0,0,0,
2018-05-15,0,0,0,
2018-05-16,0,0,0,
2018-05-17,0,0,0,
2018-05-18,0,0,0,
2018-05-19,0,0,0,
2018-05-20,0,0,0,
2018-05-21,0,0,0,
2018-05-22,0,0,0,
2018-05-23,0,0,0,
2018-05-24,0,0,0,
2018-05-25,0,0,0,
2018-05-26,0,0,0,
2018-05-27,0,0,0,
2018-05-28,0,0,0,
2018-05-29,0,0,0,
2018-05-30,0,0,0,
2018-05-31,0,0,0,
2018-06-01,0,0,0,
2018-06-02,0,0,0,
2018-06-03,0,0,0,
2018-06-04,0,0,0,
2018-06-05,0,0,0,
2018-06-06,0,0,0,
2018-06-07,0,0,0,
2018-06-08,0,0,0,
2018-06-09,0,0,0,
2018-06-10,0,0,0,
2018-06-11,0,0,0,
2018-06-12,0,0,0,
2018-06-13,0,0,0,
2018-06-14,0,0,0,
2018-06-15,0,0,0,
2018-06-16,0,0,0,
2018-06-17,0,0,0,
2018-06-18,0,0,0,
2018-06-19,0,0,0,
2018-06-20,0,0,0,
2018-06-21,0,0,0,
2018-06-22,0,0,0,
2018-06-23,0,0,0,
2018-06-24,0,0,0,
2018-06-25,0,0,0,
2018-06-26,0,0,0,
2018-06-27,0,0,0,
2018-06-28,0,0,0,
2018-06-29,0,0,0,
2018-06-30,0,0,0,
2018-07-01,0,0,0,
2018-07-02,0,0,0,
2018-07-03,0,0,0,
2018-07-04,0,0,0,
2018-07-05,0,0,0,
2018-07-06,0,0,0,
2018-07-07,0,0,0,
2018-07-08,0,0,0,
2018-07-09,0,0,0,
2018-07-10,0,0,0,
2018-07-11,0,0,0,
2018-07-12,0,0,0,
2018-07-13,0,0,0,
2018-07-14,0,0,0,
2018-07-15,0,0,0,
2018-07-16,0,0,0,
2018-07-17,0,0,0,
2018-07-18,0,0,0,
2018-07-19,0,0,0,
2018-07-20,0,0,0,
2018-07-21,0,0,0,
2018-07-22,0,0,0,
2018-07-23,0,0,0,
2018-07-24,0,0,0,
2018-07-25,0,0,0,
2018-07-26,0,0,0,
2018-07-27,0,0,0,
2018-07-28,0,0,0,
2018-07-29,0,0,0,
2018-07-30,0,0,0,
2018-07-31,0,0,0,
2018-08-01,0,0,0,
2018-08-02,0,0,0,
2018-08-03,0,0,0,
2018-08-04,0,0,0,
2018-08-05,0,0,0,
2018-08-06,0,0,0,
2018-08-07,0,0,0,
2018-08-08,0,0,0,
2018-08-09,0,0,0,
2018-08-10,0,0,0,
2018-08-11,0,0,0,
2018-08-12,0,0,0,
2018-08-13,0,0,0,
2018-08-14,0,0,0,
2018-08-15,0,0,0,
2018-08-16,0,0,0,
2018-08-17,0,0,0,
2018-08-18,0,0,0,
2018-08-19,0,0,0,
2018-08-20,0,0,0,
2018-08-21,0,0,0,
2018-08-22,0,0,0,
2018-08-23,0,0,0,
2018-08-24,0,0,0,
2018-08-25,0,0,0,
2018-08-26,0,0,0,
2018-08-27,0,0,0,
2018-08-28,0,0,0,
2018-08-29,0,0,0,
2018-08-30,0,0,0,
2018-08-31,0,0,0,
2018-09-01,0,0,0,
2018-09-02,0,0,0,
2018-09-03,0,0,0,
2018-09-04,0,0,0,
2018-09-05,0,0,0,
2018-09-06,0,0,0,
2018-09-07,0,0,0,
2018-09-08,0,0,0,
2018-09-09,0,0,0,
2018-09-10,0,0,0,
2018-09-11,0,0,0,
2018-09-12,0,0,0,
2018-09-13,0,0,0,
2018-09-14,0,0,0,
2018-09-15,0,0,0,
2018-09-16,0,0,0,
2018-09-17,0,0,0,
2018-09-18,0,0,0,
2018-09-19,0,0,0,
2018-09-20,0,0,0,
2018-09-21,0,0,0,
2018-09-22,0,0,0,
2018-09-23,0,0,0,
2018-09-24,0,0,0,
2018-09-25,0,0,0,
2018-09-26,0,0,0,
2018-09-27,0,0,0,
2018-09-28,0,0,0,
2018-09-29,0,0,0,
2018-09-30,0,0,0,
2018-10-01,0,0,0,
2018-10-02,0,0,0,
2018-10-03,0,0,0,
2018-10-04,0,0,0,
2018-10-05,0,0,0,
2018-10-06,0,0,0,
2018-10-07,0,0,0,
2018-10-08,0,0,0,
2018-10-09,0,0,0,
2018-10-10,0,0,0,
2018-10-11,0,0,0,
2018-10-12,0,0,0,
2018-10-13,0,0,0,
2018-10-14,0,0,0,
2018-10-15,0,0,0,
2018-10-16,0,0,0,
2018-10-17,0,0,0,
2018-10-18,0,0,0,
2018-10-19,0,0,0,
2018-10-20,0,0,0,
2018-10-21,0,0,0,
2018-10-22,0,0,0,
2018-10-23,0,0,0,
2018-10-24,0,0,0,
2018-10-25,0,0,0,
2018-10-26,0,0,0,
2018-10-27,0,0,0,
2018-10-28,0,0,0,
2018-10-29,0,0,0,
2018-10-30,0,0,0,
2018-10-31,0,0,0,
2018-11-01,0,0,0,
2018-11-02,0,0,0,
2018-11-03,0,0,0,
2018-11-04,0,0,0,
2018-11-05,0,0,0,
2018-11-06,0,0,0,
2018-11-07,0,0,0,
2018-11-08,0,0,0,
2018-11-09,0,0,0,
2018-11-10,0,0,0,
2018-11-11,0,0,0,
2018-11-12,0,0,0,
2018-11-13,0,0,0,
2018-11-14,0,0,0,
2018-11-15,0,0,0,
2018-11-16,0,0,0,
2018-11-17,0,0,0,
2018-11-18,0,0,0,
2018-11-19,0,0,0,
2018-11-20,0,0,0,
2018-11-21,0,0,0,
2018-11-22,0,0,0,
2018-11-23,0,0,0,
2018-11-24,0,0,0,
2018-11-25,0,0,0,
2018-11-26,0,0,0,
2018-11-27,0,0,0,
2018-11-28,0,0,0,
2018-11-29,0,0,0,
2018-11-30,0,0,0,
2018-12-01,0,0,0,
2018-12-02,0,0,0,
2018-12-03,0,0,0,
2018-12-04,0,0,0,
2018-12-05,0,0,0,
2018-12-06,0,0,0,
2018-12-07,0,0,0,
2018-12-08,0,0,0,
2018-12-09,0,0,0,
2018-12-10,0,0,0,
2018-12-11,0,0,0,
2018-12-12,0,0,0,
2018-12-13,0,0,0,
2018-12-14,0,0,0,
2018-12-15,0,0,0,
2018-12-16,0,0,0,
2018-12-17,0,0,0,
2018-12-18,0,0,0,
2018-12-19,0,0,0,
2018-12-20,0,0,0,
2018-12-21,0,0,0,
2018-12-22,0,0,0,
2018-12-23,0,0,0,
2018-12-24,0,0,0,
2018-12-25,0,0,0,
2018-12-26,0,0,0,
2018-12-27,0,0,0,
2018-12-28,0,0,0,
2018-12-29,0,0,0,
2018-12-30,0,0,0,
2018-12-31,0,0,0,
2019-01-01,0,0,0,
2019-01-02,0,0,0,
2019-01-03,0,0,0,
2019-01-04,0,0,0,
2019-01-05,0,0,0,
2019-01-06,0,0,0,
2019-01-07,0,0,0,
2019-01-08,0,0,0,
2019-01-09,0,0,0,
2019-01-10,0,0,0,
2019-01-11,0,0,0,
2019-01-12,0,0,0,
2019-01-13,0,0,0,
2019-01-14,0,0,0,
2019-01-15,0,0,0,
2019-01-16,0,0,0,
2019-01-17,0,0,0,
2019-01-18,0,0,0,
2019-01-19,0,0,0,
2019-01-20,0,0,0,
2019-01-21,0,0,0,
2019-01-22,0,0,0,
2019-01-23,0,0,0,
2019-01-24,0,0,0,
2019-01-25,0,0,0,
2019-01-26,0,0,0,
2019-01-27,0,0,0,
2019-01-28,0,0,0,
2019-01-29,0,0,0,
2019-01-30,0,0,0,
2019-01-31,0,0,0,
2019-02-01,0,0,0,
2019-02-02,0,0,0,
2019-02-03,0,0,0,
2019-02-04,0,0,0,
2019-02-05,0,0,0,
2019-02-06,0,0,0,
2019-02-07,0,0,0,
2019-02-08,0,0,0,
2019-02-09,0,0,0,
2019-02-10,0,0,0,
2019-02-11,0,0,0,
2019-02-12,0,0,0,
2019-02-13,0,0,0,
2019-02-14,0,0,0,
2019-02-15,0,0,0,
2019-02-16,0,0,0,
2019-02-17,0,0,0,
2019-02-18,0,0,0,
2019-02-19,0,0,0,
2019-02-20,0,0,0,
2019-02-21,0,0,0,
2019-02-22,0,0,0,
2019-02-23,0,0,0,
2019-02-24,0,0,0,
2019-02-25,0,0,0,
2019-02-26,0,0,0,
2019-02-27,0,0,0,
2019-02-28,0,0,0,
2019-03-01,0,0,0,
2019-03-02,0,0,0,
2019-03-03,0,0,0,
2019-03-04,0,0,0,
2019-03-05,0,0,0,
2019-03-06,0,0,0,
2019-03-07,0,0,0,
2019-03-08,0,0,0,
2019-03-09,0,0,0,
2019-03-10,0,0,0,
2019-03-11,0,0,0,
2019-03-12,0,0,0,
2019-03-13,0,0,0,
2019-03-14,0,0,0,
2019-03-15,0,0,0,
2019-03-16,0,0,0,
2019-03-17,0,0,0,
2019-03-18,0,0,0,
2019-03-19,0,0,0,
2019-03-20,0,0,0,
2019-03-21,0,0,0,
2019-03-22,0,0,0,
2019-03-23,0,0,0,
2019-03-24,0,0,0,
2019-03-25,0,0,0,
2019-03-26,0,0,0,
2019-03-27,0,0,0,
2019-03-28,0,0,0,
2019-03-29,0,0,0,
2019-03-30,0,0,0,
2019-03-31,0,0,0,
2019-04-01,0,0,0,
2019-04-02,0,0,0,
2019-04-03,0,0,0,
2019-04-04,0,0,0,
2019-04-05,0,0,0,
2019-04-06,0,0,0,
2019-04-07,0,0,0,
2019-04-08,0,0,0,
2019-04-09,0,0,0,
2019-04-10,0,0,0,
2019-04-11,0,0,0,
2019-04-12,0,0,0,
2019-04-13,0,0,0,
2019-04-14,0,0,0,
2019-04-15,0,0,0,
2019-04-16,0,0,0,
2019-04-17,0,0,0,
2019-04-18,0,0,0,
2019-04-19,0,0,0,
2019-04-20,0,0,0,
2019-04-21,0,0,0,
2019-04-22,0,0,0,
2019-04-23,0,0,0,
2019-04-24,0,0,0,
2019-04-25,0,0,0,
2019-04-26,0,0,0,
2019-04-27,0,0,0,
2019-04-28,0,0,0,
2019-04-29,0,0,0,
2019-04-30,0,0,0,
2019-05-01,0,0,0,
2019-05-02,0,0,0,
2019-05-03,0,0,0,
2019-05-04,0,0,0,
2019-05-05,0,0,0,
2019-05-06,0,0,0,
2019-05-07,0,0,0,
2019-05-08,0,0,0,
2019-05-09,0,0,0,
2019-05-10,0,0,0,
2019-05-11,0,0,0,
2019-05-12,0,0,0,
2019-05-13,0,0,0,
2019-05-14,0,0,0,
2019-05-15,0,0,0,
2019-05-16,0,0,0,
2019-05-17,0,0,0,
2019-05-18,0,0,0,
2019-05-19,0,0,0,
2019-05-20,0,0,0,
2019-05-21,0,0,0,
2019-05-22,0,0,0,
2019-05-23,0,0,0,
2019-05-24,0,0,0,
2019-05-25,0,0,0,
2019-05-26,0,0,0,
2019-05-27,0,0,0,
2019-05-28,0,0,0,
2019-05-29,0,0,0,
2019-05-30,0,0,0,
2019-05-31,0,0,0,
2019-06-01,0,0,0,
2019-06-02,0,0,0,
2019-06-03,0,0,0,
2019-06-04,0,0,0,
2019-06-05,0,0,0,
2019-06-06,0,0,0,
2019-06-07,0,0,0,
2019-06-08,0,0,0,
2019-06-09,0,0,0,
2019-06-10,0,0,0,
2019-06-11,0,0,0,
2019-06-12,0,0,0,
2019-06-13,0,0,0,
2019-06-14,0,0,0,
2019-06-15,0,0,0,
2019-06-16,0,0,0,
2019-06-17,0,0,0,
2019-06-18,0,0,0,
2019-06-19,0,0,0,
2019-06-20,0,0,0,
2019-06-21,0,0,0,
2019-06-22,0,0,0,
2019-06-23,0,0,0,
2019-06-24,0,0,0,
2019-06-25,0,0,0,
2019-06-26,0,0,0,
2019-06-27,0,0,0,
2019-06-28,0,0,0,
2019-06-29,0,0,0,
2019-06-30,0,0,0,
2019-07-01,0,0,0,
2019-07-02,0,0,0,
2019-07-03,0,0,0,
2019-07-04,0,0,0,
2019-07-05,0,0,0,
2019-07-06,0,0,0,
2019-07-07,0,0,0,
2019-07-08,0,0,0,
2019-07-09,0,0,0,
2019-07-10,0,0,0,
2019-07-11,0,0,0,
2019-07-12,0,0,0,
2019-07-13,0,0,0,
2019-07-14,0,0,0,
2019-07-15,0,0,0,
2019-07-16,0,0,0,
2019-07-17,0,0,0,
2019-07-18,0,0,0,
2019-07-19,0,0,0,
2019-07-20,0,0,0,
2019-07-21,0,0,0,
2019-07-22,0,0,0,
2019-07-23,0,0,0,
2019-07-24,0,0,0,
2019-07-25,0,0,0,
2019-07-26,0,0,0,
2019-07-27,0,0,0,
2019-07-28,0,0,0,
2019-07-29,0,0,0,
2019-07-30,0,0,0,
2019-07-31,0,0,0,
2019-08-01,0,0,0,
2019-08-02,0,0,0,
2019-08-03,0,0,0,
2019-08-04,0,0,0,
2019-08-05,0,0,0,
2019-08-06,0,0,0,
2019-08-07,0,0,0,
2019-08-08,0,0,0,
2019-08-09,0,0,0,
2019-08-10,0,0,0,
2019-08-11,0,0,0,
2019-08-12,0,0,0,
2019-08-13,0,0,0,
2019-08-14,0,0,0,
2019-08-15,0,0,0,
2019-08-16,0,0,0,
2019-08-17,0,0,0,
2019-08-18,0,0,0,
2019-08-19,0,0,0,
2019-08-20,0,0,0,
2019-08-21,0,0,0,
2019-08-22,0,0,0,
2019-08-23,0,0,0,
2019-08-24,0,0,0,
2019-08-25,0,0,0,
2019-08-26,0,0,0,
2019-08-27,0,0,0,
2019-08-28,0,0,0,
2019-08-29,0,0,0,
2019-08-30,0,0,0,
2019-08-31,0,0,0,
2019-09-01,0,0,0,
2019-09-02,0,0,0,
2019-09-03,0,0,0,
2019-09-04,0,0,0,
2019-09-05,0,0,0,
2019-09-06,0,0,0,
2019-09-07,0,0,0,
2019-09-08,0,0,0,
2019-09-09,0,0,0,
2019-09-10,0,0,0,
2019-09-11,0,0,0,
2019-09-12,0,0,0,
2019-09-13,0,0,0,
2019-09-14,0,0,0,
2019-09-15,0,0,0,
2019-09-16,0,0,0,
2019-09-17,0,0,0,
2019-09-18,0,0,0,
2019-09-19,0,0,0,
2019-09-20,0,0,0,
2019-09-21,0,0,0,
2019-09-22,0,0,0,
2019-09-23,0,0,0,
2019-09-24,0,0,0,
2019-09-25,0,0,0,
2019-09-26,0,0,0,
2019-09-27,0,0,0,
2019-09-28,0,0,0,
2019-09-29,0,0,0,
2019-09-30,0,0,0,
2019-10-01,0,0,0,
2019-10-02,0,0,0,
2019-10-03,0,0,0,
2019-10-04,0,0,0,
2019-10-05,0,0,0,
2019-10-06,0,0,0,
2019-10-07,0,0,0,
2019-10-08,0,0,0,
2019-10-09,0,0,0,
2019-10-10,0,0,0,
2019-10-11,0,0,0,
2019-10-12,0,0,0,
2019-10-13,0,0,0,
2019-10-14,0,0,0,
2019-10-15,0,0,0,
2019-10-16,0,0,0,
2019-10-17,0,0,0,
2019-10-18,0,0,0,
2019-10-19,0,0,0,
2019-10-20,0,0,0,
2019-10-21,0,0,0,
2019-10-22,0,0,0,
2019-10-23,0,0,0,
2019-10-24,0,0,0,
2019-10-25,0,0,0,
2019-10-26,0,0,0,
2019-10-27,0,0,0,
2019-10-28,0,0,0,
2019-10-29,0,0,0,
2019-10-30,0,0,0,
2019-10-31,0,0,0,
2019-11-01,0,0,0,
2019-11-02,0,0,0,
2019-11-03,0,0,0,
2019-11-04,0,0,0,
2019-11-05,0,0,0,
2019-11-06,0,0,0,
2019-11-07,0,0,0,
2019-11-08,0,0,0,
2019-11-09,0,0,0,
2019-11-10,0,0,0,
2019-11-11,0,0,0,
2019-11-12,0,0,0,
2019-11-13,0,0,0,
2019-11-14,0,0,0,
2019-11-15,0,0,0,
2019-11-16,0,0,0,
2019-11-17,0,0,0,
2019-11-18,0,0,0,
2019-11-19,0,0,0,
2019-11-20,0,0,0,
2019-11-21,0,0,0,
2019-11-22,0,0,0,
2019-11-23,0,0,0,
2019-11-24,0,0,0,
2019-11-25,0,0,0,
2019-11-26,0,0,0,
2019-11-27,0,0,0,
2019-11-28,0,0,0,
2019-11-29,0,0,0,
2019-11-30,0,0,0,
2019-12-01,0,0,0,
2019-12-02,0,0,0,
2019-12-03,0,0,0,
2019-12-04,0,0,0,
2019-12-05,0,0,0,
2019-12-06,0,0,0,
2019-12-07,0,0,0,
2019-12-08,0,0,0,
2019-12-09,0,0,0,
2019-12-10,0,0,0,
2019-12-11,0,0,0,
2019-12-12,0,0,0,
2019-12-13,0,0,0,
2019-12-14,0,0,0,
2019-12-15,0,0,0,
2019-12-16,0,0,0,
2019-12-17,0,0,0,
2019-12-18,0,0,0,
2019-12-19,0,0,0,
2019-12-20,0,0,0,
2019-12-21,0,0,0,
2019-12-22,0,0,0,
2019-12-23,0,0,0,
2019-12-24,0,0,0,
2019-12-25,0,0,0,
2019-12-26,0,0,0,
2019-12-27,0,0,0,
2019-12-28,0,0,0,
2019-12-29,0,0,0,
2019-12-30,0,0,0,
2019-12-31,0,0,0,
2020-01-01,0,0,0,
2020-01-02,0,0,0,
2020-01-03,0,0,0,
2020-01-04,0,0,0,
2020-01-05,0,0,0,
2020-01-06,0,0,0,
2020-01-07,0,0,0,
2020-01-08,0,0,0,
2020-01-09,0,0,0,
2020-01-10,0,0,0,
2020-01-11,0,0,0,
2020-01-12,0,0,0,
2020-01-13,0,0,0,
2020-01-14,0,0,0,
2020-01-15,0,0,0,
2020-01-16,0,0,0,
2020-01-17,0,0,0,
2020-01-18,0,0,0,
2020-01-19,0,0,0,
2020-01-20,0,0,0,
2020-01-21,0,0,0,
2020-01-22,0,0,0,
2020-01-23,0,0,0,
2020-01-24,0,0,0,
2020-01-25,0,0,0,
2020-01-26,0,0,0,
2020-01-27,0,0,0,
2020-01-28,0,0,0,
2020-01-29,0,0,0,
2020-01-30,0,0,0,
2020-01-31,0,0,0,
2020-02-01,0,0,0,
2020-02-02,0,0,0,
2020-02-03,0,0,0,
2020-02-04,0,0,0,
2020-02-05,0,0,0,
2020-02-06,0,0,0,
2020-02-07,0,0,0,
2020-02-08,0,0,0,
2020-02-09,0,0,0,
2020-02-10,0,0,0,
2020-02-11,0,0,0,
2020-02-12,0,0,0,
2020-02-13,0,0,0,
2020-02-14,0,0,0,
2020-02-15,0,0,0,
2020-02-16,0,0,0,
2020-02-17,0,0,0,
2020-02-18,0,0,0,
2020-02-19,0,0,0,
2020-02-20,0,0,0,
2020-02-21,0,0,0,
2020-02-22,0,0,0,
2020-02-23,0,0,0,
2020-02-24,0,0,0,
2020-02-25,0,0,0,
2020-02-26,0,0,0,
2020-02-27,0,0,0,
2020-02-28,0,0,0,
2020-02-29,0,0,0,
2020-03-01,0,0,0,
2020-03-02,0,0,0,
2020-03-03,0,0,0,
2020-03-04,0,0,0,
2020-03-05,0,0,0,
2020-03-06,0,0,0,
2020-03-07,0,0,0,
2020-03-08,0,0,0,
2020-03-09,0,0,0,
2020-03-10,0,0,0,
2020-03-11,0,0,0,
2020-03-12,0,0,0,
2020-03-13,0,0,0,
2020-03-14,0,0,0,
2020-03-15,0,0,0,
2020-03-16,0,0,0,
2020-03-17,0,0,0,
2020-03-18,0,0,0,
2020-03-19,0,0,0,
2020-03-20,0,0,0,
2020-03-21,0,0,0,
2020-03-22,0,0,0,
2020-03-23,0,0,0,
2020-03-24,0,0,0,
2020-03-25,0,0,0,
2020-03-26,0,0,0,
2020-03-27,0,0,0,
2020-03-28,0,0,0,
2020-03-29,0,0,0,
2020-03-30,0,0,0,
2020-03-31,0,0,0,
2020-04-01,0,0,0,
2020-04-02,0,0,0,
2020-04-03,0,0,0,
2020-04-04,0,0,0,
2020-04-05,0,0,0,
2020-04-06,0,0,0,
2020-04-07,0,0,0,
2020-04-08,0,0,0,
2020-04-09,0,0,0,
2020-04-10,0,0,0,
2020-04-11,0,0,0,
2020-04-12,0,0,0,
2020-04-13,0,0,0,
2020-04-14,0,0,0,
2020-04-15,0,0,0,
2020-04-16,0,0,0,
2020-04-17,0,0,0,
2020-04-18,0,0,0,
2020-04-19,0,0,0,
2020-04-20,0,0,0,
2020-04-21,0,0,0,
2020-04-22,0,0,0,
2020-04-23,0,0,0,
2020-04-24,0,0,0,
2020-04-25,0,0,0,
2020-04-26,0,0,0,
2020-04-27,0,0,0,
2020-04-28,0,0,0,
2020-04-29,0,0,0,
2020-04-30,0,0,0,
2020-05-01,0,0,0,
2020-05-02,0,0,0,
2020-05-03,0,0,0,
2020-05-04,0,0,0,
2020-05-05,0,0,0,
2020-05-06,0,0,0,
2020-05-07,0,0,0,
2020-05-08,0,0,0,
2020-05-09,0,0,0,
2020-05-10,0,0,0,
2020-05-11,0,0,0,
2020-05-12,0,0,0,
2020-05-13,0,0,0,
2020-05-14,0,0,0,
2020-05-15,0,0,0,
2020-05-16,0,0,0,
2020-05-17,0,0,0,
2020-05-18,0,0,0,
2020-05-19,0,0,0,
2020-05-20,0,0,0,
2020-05-21,0,0,0,
2020-05-22,0,0,0,
2020-05-23,0,0,0,
2020-05-24,0,0,0,
2020-05-25,0,0,0,
2020-05-26,0,0,0,
2020-05-27,0,0,0,
2020-05-28,0,0,0,
2020-05-29,0,0,0,
2020-05-30,0,0,0,
2020-05-31,0,0,0,
2020-06-01,0,0,0,
2020-06-02,0,0,0,
2020-06-03,0,0,0,
2020-06-04,0,0,0,
2020-06-05,0,0,0,
2020-06-06,0,0,0,
2020-06-07,0,0,0,
2020-06-08,0,0,0,
2020-06-09,0,0,0,
2020-06-10,0,0,0,
2020-06-11,0,0,0,
2020-06-12,0,0,0,
2020-06-13,0,0,0,
2020-06-14,0,0,0,
2020-06-15,0,0,0,
2020-06-16,0,0,0,
2020-06-17,0,0,0,
2020-06-18,0,0,0,
2020-06-19,0,0,0,
2020-06-20,0,0,0,
2020-06-21,0,0,0,
2020-06-22,0,0,0,
2020-06-23,0,0,0,
2020-06-24,0,0,0,
2020-06-25,0,0,0,
2020-06-26,0,0,0,
2020-06-27,0,0,0,
2020-06-28,0,0,0,
2020-06-29,0,0,0,
2020-06-30,0,0,0,
2020-07-01,0,0,0,
2020-07-02,0,0,0,
2020-07-03,0,0,0,
2020-07-04,0,0,0,
2020-07-05,0,0,0,
2020-07-06,0,0,0,
2020-07-07,0,0,0,
2020-07-08,0,0,0,
2020-07-09,0,0,0,
2020-07-10,0,0,0,
2020-07-11,0,0,0,
2020-07-12,0,0,0,
2020-07-13,0,0,0,
2020-07-14,0,0,0,
2020-07-15,0,0,0,
2020-07-16,0,0,0,
2020-07-17,0,0,0,
2020-07-18,0,0,0,
2020-07-19,0,0,0,
2020-07-20,0,0,0,
2020-07-21,0,0,0,
2020-07-22,0,0,0,
2020-07-23,0,0,0,
2020-07-24,0,0,0,
2020-07-25,0,0,0,
2020-07-26,0,0,0,
2020-07-27,0,0,0,
2020-07-28,0,0,0,
2020-07-29,0,0,0,
2020-07-30,0,0,0,
2020-07-31,0,0,0,
2020-08-01,0,0,0,
2020-08-02,0,0,0,
2020-08-03,0,0,0,
2020-08-04,0,0,0,
2020-08-05,0,0,0,
2020-08-06,0,0,0,
2020-08-07,0,0,0,
2020-08-08,0,0,0,
2020-08-09,0,0,0,
2020-08-10,0,0,0,
2020-08-11,0,0,0,
2020-08-12,0,0,0,
2020-08-13,0,0,0,
2020-08-14,0,0,0,
2020-08-15,0,0,0,
2020-08-16,0,0,0,
2020-08-17,0,0,0,
2020-08-18,0,0,0,
2020-08-19,0,0,0,
2020-08-20,0,0,0,
2020-08-21,0,0,0,
2020-08-22,0,0,0,
2020-08-23,0,0,0,
2020-08-24,0,0,0,
2020-08-25,0,0,0,
2020-08-26,0,0,0,
2020-08-27,0,0,0,
2020-08-28,0,0,0,
2020-08-29,0,0,0,
2020-08-30,0,0,0,
2020-08-31,0,0,0,
2020-09-01,0,0,0,
2020-09-02,0,0,0,
2020-09-03,0,0,0,
2020-09-04,0,0,0,
2020-09-05,0,0,0,
2020-09-06,0,0,0,
2020-09-07,0,0,0,
2020-09-08,0,0,0,
2020-09-09,0,0,0,
2020-09-10,0,0,0,
2020-09-11,0,0,0,
2020-09-12,0,0,0,
2020-09-13,0,0,0,
2020-09-14,0,0,0,
2020-09-15,0,0,0,
2020-09-16,0,0,0,
2020-09-17,0,0,0,
2020-09-18,0,0,0,
2020-09-19,0,0,0,
2020-09-20,0,0,0,
2020-09-21,0,0,0,
2020-09-22,0,0,0,
2020-09-23,0,0,0,
2020-09-24,0,0,0,
2020-09-25,0,0,0,
2020-09-26,0,0,0,
2020-09-27,0,0,0,
2020-09-28,0,0,0,
2020-09-29,0,0,0,
2020-09-30,0,0,0,
2020-10-01,0,0,0,
2020-10-02,0,0,0,
2020-10-03,0,0,0,
2020-10-04,0,0,0,
2020-10-05,0,0,0,
2020-10-06,0,0,0,
2020-10-07,0,0,0,
2020-10-08,0,0,0,
2020-10-09,0,0,0,
2020-10-10,0,0,0,
2020-10-11,0,0,0,
2020-10-12,0,0,0,
2020-10-13,0,0,0,
2020-10-14,0,0,0,
2020-10-15,0,0,0,
2020-10-16,0,0,0,
2020-10-17,0,0,0,
2020-10-18,0,0,0,
2020-10-19,0,0,0,
2020-10-20,0,0,0,
2020-10-21,0,0,0,
2020-10-22,0,0,0,
2020-10-23,0,0,0,
2020-10-24,0,0,0,
2020-10-25,0,0,0,
2020-10-26,0,0,0,
2020-10-27,0,0,0,
2020-10-28,0,0,0,
2020-10-29,0,0,0,
2020-10-30,0,0,0,
2020-10-31,0,0,0,
2020-11-01,0,0,0,
2020-11-02,0,0,0,
2020-11-03,0,0,0,
2020-11-04,0,0,0,
2020-11-05,0,0,0,
2020-11-06,0,0,0,
2020-11-07,0,0,0,
2020-11-08,0,0,0,
2020-11-09,0,0,0,
2020-11-10,0,0,0,
2020-11-11,0,0,0,
2020-11-12,0,0,0,
2020-11-13,0,0,0,
2020-11-14,0,0,0,
2020-11-15,0,0,0,
2020-11-16,0,0,0,
2020-11-17,0,0,0,
2020-11-18,0,0,0,
2020-11-19,0,0,0,
2020-11-20,0,0,0,
2020-11-21,0,0,0,
2020-11-22,0,0,0,
2020-11-23,0,0,0,
2020-11-24,0,0,0,
2020-11-25,0,0,0,
2020-11-26,0,0,0,
2020-11-27,0,0,0,
2020-11-28,0,0,0,
2020-11-29,0,0,0,
2020-11-30,0,0,0,
2020-12-01,0,0,0,
2020-12-02,0,0,0,
2020-12-03,0,0,0,
2020-12-04,0,0,0,
2020-12-05,0,0,0,
2020-12-06,0,0,0,
2020-12-07,0,0,0,
2020-12-08,0,0,0,
2020-12-09,0,0,0,
2020-12-10,0,0,0,
2020-12-11,0,0,0,
2020-12-12,0,0,0,
2020-12-13,0,0,0,
2020-12-14,0,0,0,
2020-12-15,0,0,0,
2020-12-16,0,0,0,
2020-12-17,0,0,0,
2020-12-18,0,0,0,
2020-12-19,0,0,0,
2020-12-20,0,0,0,
2020-12-21,0,0,0,
2020-12-22,0,0,0,
2020-12-23,0,0,0,
2020-12-24,0,0,0,
2020-12-25,0,0,0,
2020-12-26,0,0,0,
2020-12-27,0,0,0,
2020-12-28,0,0,0,
2020-12-29,0,0,0,
2020-12-30,0,0,0,
2020-12-31,0,0,0,
2021-01-01,0,0,0,
2021-01-02,0,0,0,
2021-01-03,0,0,0,
2021-01-04,0,0,0,
2021-01-05,0,0,0,
2021-01-06,0,0,0,
2021-01-07,0,0,0,
2021-01-08,0,0,0,
2021-01-09,0,0,0,
2021-01-10,0,0,0,
2021-01-11,0,0,0,
2021-01-12,0,0,0,
2021-01-13,0,0,0,
2021-01-14,0,0,0,
2021-01-15,0,0,0,
2021-01-16,0,0,0,
2021-01-17,0,0,0,
2021-01-18,0,0,0,
2021-01-19,0,0,0,
2021-01-20,0,0,0,
2021-01-21,0,0,0,
2021-01-22,0,0,0,
2021-01-23,0,0,0,
2021-01-24,0,0,0,
2021-01-25,0,0,0,
2021-01-26,0,0,0,
2021-01-27,0,0,0,
2021-01-28,0,0,0,
2021-01-29,0,0,0,
2021-01-30,0,0,0,
2021-01-31,0,0,0,
2021-02-01,0,0,0,
2021-02-02,0,0,0,
2021-02-03,0,0,0,
2021-02-04,0,0,0,
2021-02-05,0,0,0,
2021-02-06,0,0,0,
2021-02-07,0,0,0,
2021-02-08,0,0,0,
2021-02-09,0,0,0,
2021-02-10,0,0,0,
2021-02-11,0,0,0,
2021-02-12,0,0,0,
2021-02-13,0,0,0,
2021-02-14,0,0,0,
2021-02-15,0,0,0,
2021-02-16,0,0,0,
2021-02-17,0,0,0,
2021-02-18,0,0,0,
2021-02-19,0,0,0,
2021-02-20,0,0,0,
2021-02-21,0,0,0,
2021-02-22,0,0,0,
2021-02-23,0,0,0,
2021-02-24,0,0,0,
2021-02-25,0,0,0,
2021-02-26,0,0,0,
2021-02-27,0,0,0,
2021-02-28,0,0,0,
2021-03-01,0,0,0,
2021-03-02,0,0,0,
2021-03-03,0,0,0,
2021-03-04,0,0,0,
2021-03-05,0,0,0,
2021-03-06,0,0,0,
2021-03-07,0,0,0,
2021-03-08,0,0,0,
2021-03-09,0,0,0,
2021-03-10,0,0,0,
2021-03-11,0,0,0,
2021-03-12,0,0,0,
2021-03-13,0,0,0,
2021-03-14,0,0,0,
2021-03-15,0,0,0,
2021-03-16,0,0,0,
2021-03-17,0,0,0,
2021-03-18,0,0,0,
2021-03-19,0,0,0,
2021-03-20,0,0,0,
2021-03-21,0,0,0,
2021-03-22,0,0,0,
2021-03-23,0,0,0,
2021-03-24,0,0,0,
2021-03-25,0,0,0,
2021-03-26,0,0,0,
2021-03-27,0,0,0,
2021-03-28,0,0,0,
2021-03-29,0,0,0,
2021-03-30,0,0,0,
2021-03-31,0,0,0,
2021-04-01,0,0,0,
2021-04-02,0,0,0,
2021-04-03,0,0,0,
2021-04-04,0,0,0,
2021-04-05,0,0,0,
2021-04-06,0,0,0,
2021-04-07,0,0,0,
2021-04-08,0,0,0,
2021-04-09,0,0,0,
2021-04-10,0,0,0,
2021-04-11,0,0,0,
2021-04-12,0,0,0,
2021-04-13,0,0,0,
2021-04-14,0,0,0,
2021-04-15,0,0,0,
2021-04-16,0,0,0,
2021-04-17,0,0,0,
2021-04-18,0,0,0,
2021-04-19,0,0,0,
2021-04-20,0,0,0,
2021-04-21,0,0,0,
2021-04-22,0,0,0,
2021-04-23,0,0,0,
2021-04-24,0,0,0,
2021-04-25,0,0,0,
2021-04-26,0,0,0,
2021-04-27,0,0,0,
2021-04-28,0,0,0,
2021-04-29,0,0,0,
2021-04-30,0,0,0,
2021-05-01,0,0,0,
2021-05-02,0,0,0,
2021-05-03,0,0,0,
2021-05-04,0,0,0,
2021-05-05,0,0,0,
2021-05-06,0,0,0,
2021-05-07,0,0,0,
2021-05-08,0,0,0,
2021-05-09,0,0,0,
2021-05-10,0,0,0,
2021-05-11,0,0,0,
2021-05-12,0,0,0,
2021-05-13,0,0,0,
2021-05-14,0,0,0,
2021-05-15,0,0,0,
2021-05-16,0,0,0,
2021-05-17,0,0,0,
2021-05-18,0,0,0,
2021-05-19,0,0,0,
2021-05-20,0,0,0,
2021-05-21,0,0,0,
2021-05-22,0,0,0,
2021-05-23,0,0,0,
2021-05-24,0,0,0,
2021-05-25,0,0,0,
2021-05-26,0,0,0,
2021-05-27,0,0,0,
2021-05-28,0,0,0,
2021-05-29,0,0,0,
2021-05-30,0,0,0,
2021-05-31,0,0,0,
2021-06-01,0,0,0,
2021-06-02,0,0,0,
2021-06-03,0,0,0,
2021-06-04,0,0,0,
2021-06-05,0,0,0,
2021-06-06,0,0,0,
2021-06-07,0,0,0,
2021-06-08,0,0,0,
2021-06-09,0,0,0,
2021-06-10,0,0,0,
2021-06-11,0,0,0,
2021-06-12,0,0,0,
2021-06-13,0,0,0,
2021-06-14,0,0,0,
2021-06-15,0,0,0,
2021-06-16,0,0,0,
2021-06-17,0,0,0,
2021-06-18,0,0,0,
2021-06-19,0,0,0,
2021-06-20,0,0,0,
2021-06-21,0,0,0,
2021-06-22,0,0,0,
2021-06-23,0,0,0,
2021-06-24,0,0,0,
2021-06-25,0,0,0,
2021-06-26,0,0,0,
2021-06-27,0,0,0,
2021-06-28,0,0,0,
2021-06-29,0,0,0,
2021-06-30,0,0,0,
2021-07-01,0,0,0,
2021-07-02,0,0,0,
2021-07-03,0,0,0,
2021-07-04,0,0,0,
2021-07-05,0,0,0,
2021-07-06,0,0,0,
2021-07-07,0,0,0,
2021-07-08,0,0,0,
2021-07-09,0,0,0,
2021-07-10,0,0,0,
2021-07-11,0,0,0,
2021-07-12,0,0,0,
2021-07-13,0,0,0,
2021-07-14,0,0,0,
2021-07-15,0,0,0,
2021-07-16,0,0,0,
2021-07-17,0,0,0,
2021-07-18,0,0,0,
2021-07-19,0,0,0,
2021-07-20,0,0,0,
2021-07-21,0,0,0,
2021-07-22,0,0,0,
2021-07-23,0,0,0,
2021-07-24,0,0,0,
2021-07-25,0,0,0,
2021-07-26,0,0,0,
2021-07-27,0,0,0,
2021-07-28,0,0,0,
2021-07-29,0,0,0,
2021-07-30,0,0,0,
2021-07-31,0,0,0,
2021-08-01,0,0,0,
2021-08-02,0,0,0,
2021-08-03,0,0,0,
2021-08-04,0,0,0,
2021-08-05,0,0,0,
2021-08-06,0,0,0,
2021-08-07,0,0,0,
2021-08-08,0,0,0,
2021-08-09,0,0,0,
2021-08-10,0,0,0,
2021-08-11,0,0,0,
2021-08-12,0,0,0,
2021-08-13,0,0,0,
2021-08-14,0,0,0,
2021-08-15,0,0,0,
2021-08-16,0,0,0,
2021-08-17,0,0,0,
2021-08-18,0,0,0,
2021-08-19,0,0,0,
2021-08-20,0,0,0,
2021-08-21,0,0,0,
2021-08-22,0,0,0,
2021-08-23,0,0,0,
2021-08-24,0,0,0,
2021-08-25,0,0,0,
2021-08-26,0,0,0,
2021-08-27,0,0,0,
2021-08-28,0,0,0,
2021-08-29,0,0,0,
2021-08-30,0,0,0,
2021-08-31,0,0,0,
2021-09-01,0,0,0,
2021-09-02,0,0,0,
2021-09-03,0,0,0,
2021-09-04,0,0,0,
2021-09-05,0,0,0,
2021-09-06,0,0,0,
2021-09-07,0,0,0,
2021-09-08,0,0,0,
2021-09-09,0,0,0,
2021-09-10,0,0,0,
2021-09-11,0,0,0,
2021-09-12,0,0,0,
2021-09-13,0,0,0,
2021-09-14,0,0,0,
2021-09-15,0,0,0,
2021-09-16,0,0,0,
2021-09-17,0,0,0,
2021-09-18,0,0,0,
2021-09-19,0,0,0,
2021-09-20,0,0,0,
2021-09-21,0,0,0,
2021-09-22,0,0,0,
2021-09-23,0,0,0,
2021-09-24,0,0,0,
2021-09-25,0,0,0,
2021-09-26,0,0,0,
2021-09-27,0,0,0,
2021-09-28,0,0,0,
2021-09-29,0,0,0,
2021-09-30,0,0,0,
2021-10-01,0,0,0,
2021-10-02,0,0,0,
2021-10-03,0,0,0,
2021-10-04,0,0,0,
2021-10-05,0,0,0,
2021-10-06,0,0,0,
2021-10-07,0,0,0,
2021-10-08,0,0,0,
2021-10-09,0,0,0,
2021-10-10,0,0,0,
2021-10-11,0,0,0,
2021-10-12,0,0,0,
2021-10-13,0,0,0,
2021-10-14,0,0,0,
2021-10-15,0,0,0,
2021-10-16,0,0,0,
2021-10-17,0,0,0,
2021-10-18,0,0,0,
2021-10-19,0,0,0,
2021-10-20,0,0,0,
2021-10-21,0,0,0,
2021-10-22,0,0,0,
2021-10-23,0,0,0,
2021-10-24,0,0,0,
2021-10-25,0,0,0,
2021-10-26,0,0,0,
2021-10-27,0,0,0,
2021-10-28,0,0,0,
2021-10-29,0,0,0,
2021-10-30,0,0,0,
2021-10-31,0,0,0,
2021-11-01,0,0,0,
2021-11-02,0,0,0,
2021-11-03,0,0,0,
2021-11-04,0,0,0,
2021-11-05,0,0,0,
2021-11-06,0,0,0,
2021-11-07,0,0,0,
2021-11-08,0,0,0,
2021-11-09,0,0,0,
2021-11-10,0,0,0,
2021-11-11,0,0,0,
2021-11-12,0,0,0,
2021-11-13,0,0,0,
2021-11-14,0,0,0,
2021-11-15,0,0,0,
2021-11-16,0,0,0,
2021-11-17,0,0,0,
2021-11-18,0,0,0,
2021-11-19,0,0,0,
2021-11-20,0,0,0,
2021-11-21,0,0,0,
2021-11-22,0,0,0,
2021-11-23,0,0,0,
2021-11-24,0,0,0,
2021-11-25,0,0,0,
2021-11-26,0,0,0,
2021-11-27,0,0,0,
2021-11-28,0,0,0,
2021-11-29,0,0,0,
2021-11-30,0,0,0,
2021-12-01,0,0,0,
2021-12-02,0,0,0,
2021-12-03,0,0,0,
2021-12-04,0,0,0,
2021-12-05,0,0,0,
2021-12-06,0,0,0,
2021-12-07,0,0,0,
2021-12-08,0,0,0,
2021-12-09,0,0,0,
2021-12-10,0,0,0,
2021-12-11,0,0,0,
2021-12-12,0,0,0,
2021-12-13,0,0,0,
2021-12-14,0,0,0,
2021-12-15,0,0,0,
2021-12-16,0,0,0,
2021-12-17,0,0,0,
2021-12-18,0,0,0,
2021-12-19,0,0,0,
2021-12-20,0,0,0,
2021-12-21,0,0,0,
2021-12-22,0,0,0,
2021-12-23,0,0,0,
2021-12-24,0,0,0,
2021-12-25,0,0,0,
2021-12-26,0,0,0,
2021-12-27,0,0,0,
2021-12-28,0,0,0,
2021-12-29,0,0,0,
2021-12-30,0,0,0,
2021-12-31,0,0,0,
2022-01-01,0,0,0,
2022-01-02,0,0,0,
2022-01-03,0,0,0,
2022-01-04,0,0,0,
2022-01-05,0,0,0,
2022-01-06,0,0,0,
2022-01-07,0,0,0,
2022-01-08,0,0,0,
2022-01-09,0,0,0,
2022-01-10,0,0,0,
2022-01-11,0,0,0,
2022-01-12,0,0,0,
2022-01-13,0,0,0,
2022-01-14,0,0,0,
2022-01-15,0,0,0,
2022-01-16,0,0,0,
2022-01-17,0,0,0,
2022-01-18,0,0,0,
2022-01-19,0,0,0,
2022-01-20,0,0,0,
2022-01-21,0,0,0,
2022-01-22,0,0,0,
2022-01-23,0,0,0,
2022-01-24,0,0,0,
2022-01-25,0,0,0,
2022-01-26,0,0,0,
2022-01-27,0,0,0,
2022-01-28,0,0,0,
2022-01-29,0,0,0,
2022-01-30,0,0,0,
2022-01-31,0,0,0,
2022-02-01,0,0,0,
2022-02-02,0,0,0,
2022-02-03,0,0,0,
2022-02-04,0,0,0,
2022-02-05,0,0,0,
2022-02-06,0,0,0,
2022-02-07,0,0,0,
2022-02-08,0,0,0,
2022-02-09,0,0,0,
2022-02-10,0,0,0,
2022-02-11,0,0,0,
2022-02-12,0,0,0,
2022-02-13,0,0,0,
2022-02-14,0,0,0,
2022-02-15,0,0,0,
2022-02-16,0,0,0,
2022-02-17,0,0,0,
2022-02-18,50,0,0,
2022-02-19,135,0,0,
2022-02-20,147,0,0,
2022-02-21,185,0,0,
2022-02-22,422,295,8,
2022-02-23,319,206,6,
2022-02-24,150,0,0,
2022-02-25,149,0,0,
2022-02-26,189,26,1,
2022-02-27,149,0,0,
2022-02-28,150,0,0,
2022-03-01,142,0,0,
2022-03-02,84,0,0,
2022-03-03,53,0,0,
2022-03-04,148,0,0,
2022-03-05,150,0,0,
2022-03-06,275,142,4,
2022-03-07,296,145,4,
2022-03-08,158,0,0,
2022-03-09,149,0,0,
2022-03-10,149,0,0,
2022-03-11,191,0,0,
2022-03-12,149,0,0,
2022-03-13,150,0,0,
2022-03-14,172,0,0,
2022-03-15,251,0,0,
2022-03-16,139,0,0,
2022-03-17,188,0,0,
2022-03-18,374,269,8,
2022-03-19,150,0,0,
2022-03-20,149,0,0,
2022-03-21,260,27,1,
2022-03-22,259,90,3,
2022-03-23,150,0,0,
2022-03-24,161,0,0,
2022-03-25,149,0,0,
2022-03-26,149,0,0,
2022-03-27,150,0,0,
2022-03-28,150,0,0,
2022-03-29,178,0,0,
2022-03-30,537,336,10,
2022-03-31,149,0,0,
2022-04-01,191,0,0,
2022-04-02,243,0,0,
2022-04-03,150,0,0,
2022-04-04,318,0,0,
2022-04-05,215,0,0,
2022-04-06,164,0,0,
2022-04-07,150,0,0,
2022-04-08,149,0,0,
2022-04-09,150,0,0,
2022-04-10,150,0,0,
2022-04-11,303,12,1,
2022-04-12,503,17,3,
2022-04-13,406,246,7,
2022-04-14,149,0,0,
2022-04-15,150,0,0,
2022-04-16,416,287,9,
2022-04-17,190,0,0,
2022-04-18,150,0,0,
2022-04-19,256,0,0,
2022-04-20,274,16,1,
2022-04-21,211,41,2,
2022-04-22,149,0,0,
2022-04-23,253,19,1,
2022-04-24,647,532,12,
2022-04-25,333,216,6,
2022-04-26,150,0,0,
2022-04-27,149,0,0,
2022-04-28,377,186,5,
2022-04-29,370,202,7,
2022-04-30,393,234,7,
2022-05-01,160,0,0,
2022-05-02,548,470,12,
2022-05-03,356,168,6,
2022-05-04,538,429,12,
2022-05-05,374,160,5,
2022-05-06,149,0,0,
2022-05-07,150,0,0,
2022-05-08,117,0,0,
2022-05-09,27,0,0,
2022-05-10,51,0,0,
2022-05-11,5,0,0,
2022-05-12,163,0,0,
2022-05-13,320,0,0,
2022-05-14,315,68,3,
2022-05-15,355,170,5,
2022-05-16,121,92,3,
2022-05-17,162,101,3,
2022-05-18,193,0,0,
2022-05-19,236,100,3,
2022-05-20,15,0,0,
2022-05-21,257,0,0,
2022-05-22,198,0,0,
2022-05-23,238,0,0,
2022-05-24,315,0,0,
2022-05-25,308,0,0,
2022-05-26,197,0,0,
2022-05-27,151,0,0,
2022-05-28,253,0,0,
2022-05-29,276,0,0,
2022-05-30,259,0,0,
2022-05-31,281,107,3,
2022-06-01,628,541,12,
2022-06-02,511,432,12,
2022-06-03,309,0,0,
2022-06-04,238,0,0,
2022-06-05,275,0,0,
2022-06-06,315,228,7,
2022-06-07,470,390,11,
2022-06-08,508,417,11,
2022-06-09,184,23,1,
2022-06-10,387,261,8,
2022-06-11,177,0,0,
2022-06-12,201,0,0,
2022-06-13,149,0,0,
2022-06-14,149,0,0,
2022-06-15,149,0,0,
2022-06-16,149,0,0,
2022-06-17,102,0,0,
2022-06-18,179,0,0,
2022-06-19,245,0,0,
2022-06-20,154,0,0,
2022-06-21,165,0,0,
2022-06-22,185,0,0,
2022-06-23,220,0,0,
2022-06-24,161,0,0,
2022-06-25,190,0,0,
2022-06-26,341,0,0,
2022-06-27,277,0,0,
2022-06-28,288,0,0,
2022-06-29,147,0,0,
2022-06-30,149,0,0,
2022-07-01,149,0,0,
2022-07-02,265,0,0,
2022-07-03,356,0,0,
2022-07-04,247,0,0,
2022-07-05,261,0,0,
2022-07-06,55,0,0,
2022-07-07,251,0,0,
2022-07-08,166,0,0,
2022-07-09,209,23,1,
2022-07-10,149,0,0,
2022-07-11,151,0,0,
2022-07-12,255,0,0,
2022-07-13,272,0,0,
2022-07-14,186,0,0,
2022-07-15,170,0,0,
2022-07-16,150,0,0,
2022-07-17,257,0,0,
2022-07-18,273,0,0,
2022-07-19,216,0,0,
2022-07-20,360,0,0,
2022-07-21,325,0,0,
2022-07-22,294,0,0,
2022-07-23,174,0,0,
2022-07-24,149,0,0,
2022-07-25,157,0,0,
2022-07-26,144,0,0,
2022-07-27,78,0,0,
2022-07-28,294,0,0,
2022-07-29,459,225,6,
2022-07-30,591,522,12,
2022-07-31,494,417,12,
2022-08-01,529,468,12,
2022-08-02,196,14,2,
2022-08-03,179,14,1,
2022-08-04,254,15,1,
2022-08-05,271,0,0,
2022-08-06,212,0,0,
2022-08-07,163,0,0,
2022-08-08,268,0,0,
2022-08-09,0,0,0,<urlopen error [Errno 54] Connection reset by peer>
2022-08-10,364,28,1,
2022-08-11,182,0,0,
2022-08-12,149,0,0,
2022-08-13,149,0,0,
2022-08-14,200,0,0,
2022-08-15,149,0,0,
2022-08-16,164,0,0,
2022-08-17,358,0,0,
2022-08-18,367,0,0,
2022-08-19,243,0,0,
2022-08-20,375,0,0,
2022-08-21,314,0,0,
2022-08-22,366,0,0,
2022-08-23,245,0,0,
2022-08-24,251,0,0,
2022-08-25,173,0,0,
2022-08-26,154,0,0,
2022-08-27,238,0,0,
2022-08-28,373,0,0,
2022-08-29,350,0,0,
2022-08-30,330,0,0,
2022-08-31,256,0,0,
2022-09-01,316,0,0,
2022-09-02,447,98,4,
2022-09-03,279,0,0,
2022-09-04,322,0,0,
2022-09-05,278,0,0,
2022-09-06,262,0,0,
2022-09-07,170,0,0,
2022-09-08,200,0,0,
2022-09-09,203,0,0,
2022-09-10,250,0,0,
2022-09-11,295,0,0,
2022-09-12,153,0,0,
2022-09-13,210,0,0,
2022-09-14,205,0,0,
2022-09-15,250,0,0,
2022-09-16,335,24,1,
2022-09-17,258,0,0,
2022-09-18,213,0,0,
2022-09-19,205,0,0,
2022-09-20,205,0,0,
2022-09-21,174,0,0,
2022-09-22,306,0,0,
2022-09-23,237,0,0,
2022-09-24,289,0,0,
2022-09-25,211,0,0,
2022-09-26,205,0,0,
2022-09-27,202,0,0,
2022-09-28,205,0,0,
2022-09-29,203,0,0,
2022-09-30,221,0,0,
2022-10-01,205,0,0,
2022-10-02,205,0,0,
2022-10-03,205,0,0,
2022-10-04,206,0,0,
2022-10-05,262,0,0,
2022-10-06,277,0,0,
2022-10-07,278,0,0,
2022-10-08,296,0,0,
2022-10-09,266,0,0,
2022-10-10,329,0,0,
2022-10-11,376,0,0,
2022-10-12,258,0,0,
2022-10-13,206,0,0,
2022-10-14,206,0,0,
2022-10-15,272,0,0,
2022-10-16,513,100,4,
2022-10-17,216,0,0,
2022-10-18,207,0,0,
2022-10-19,207,0,0,
2022-10-20,200,0,0,
2022-10-21,207,0,0,
2022-10-22,207,0,0,
2022-10-23,210,0,0,
2022-10-24,589,278,8,
2022-10-25,273,41,1,
2022-10-26,221,0,0,
2022-10-27,226,0,0,
2022-10-28,354,0,0,
2022-10-29,313,0,0,
2022-10-30,208,0,0,
2022-10-31,195,0,0,
2022-11-01,207,0,0,
2022-11-02,207,0,0,
2022-11-03,210,0,0,
2022-11-04,521,376,11,
2022-11-05,305,50,3,
2022-11-06,207,0,0,
2022-11-07,224,0,0,
2022-11-08,164,0,0,
2022-11-09,42,0,0,
2022-11-10,240,0,0,
2022-11-11,241,0,0,
2022-11-12,0,0,0,
2022-11-13,25,0,0,
2022-11-14,257,0,0,
2022-11-15,217,0,0,
2022-11-16,208,0,0,
2022-11-17,207,0,0,
2022-11-18,204,0,0,
2022-11-19,207,0,0,
2022-11-20,209,0,0,
2022-11-21,236,0,0,
2022-11-22,210,0,0,
2022-11-23,207,0,0,
2022-11-24,292,0,0,
2022-11-25,239,0,0,
2022-11-26,278,0,0,
2022-11-27,212,0,0,
2022-11-28,207,0,0,
2022-11-29,209,0,0,
2022-11-30,211,0,0,
2022-12-01,209,0,0,
2022-12-02,210,0,0,
2022-12-03,211,0,0,
2022-12-04,263,0,0,
2022-12-05,222,0,0,
2022-12-06,248,0,0,
2022-12-07,336,0,0,
2022-12-08,254,0,0,
2022-12-09,262,0,0,
2022-12-10,338,74,3,
2022-12-11,228,0,0,
2022-12-12,252,0,0,
2022-12-13,607,372,10,
2022-12-14,251,0,0,
2022-12-15,150,0,0,
2022-12-16,207,0,0,
2022-12-17,213,0,0,
2022-12-18,208,0,0,
2022-12-19,228,0,0,
2022-12-20,213,0,0,
2022-12-21,212,0,0,
2022-12-22,171,0,0,
2022-12-23,188,0,0,
2022-12-24,194,0,0,
2022-12-25,211,0,0,
2022-12-26,209,0,0,
2022-12-27,213,0,0,
2022-12-28,212,0,0,
2022-12-29,213,0,0,
2022-12-30,211,0,0,
2022-12-31,217,0,0,
2023-01-01,210,0,0,
2023-01-02,317,42,2,
2023-01-03,294,75,3,
2023-01-04,211,0,0,
2023-01-05,211,0,0,
2023-01-06,211,0,0,
2023-01-07,212,0,0,
2023-01-08,210,0,0,
2023-01-09,211,0,0,
2023-01-10,208,0,0,
2023-01-11,210,0,0,
2023-01-12,219,0,0,
2023-01-13,213,0,0,
2023-01-14,210,0,0,
2023-01-15,212,0,0,
2023-01-16,213,0,0,
2023-01-17,209,0,0,
2023-01-18,243,0,0,
2023-01-19,212,0,0,
2023-01-20,208,0,0,
2023-01-21,279,0,0,
2023-01-22,226,0,0,
2023-01-23,210,0,0,
2023-01-24,244,0,0,
2023-01-25,207,0,0,
2023-01-26,212,0,0,
2023-01-27,211,0,0,
2023-01-28,212,0,0,
2023-01-29,211,0,0,
2023-01-30,179,0,0,
2023-01-31,150,0,0,
2023-02-01,209,0,0,
2023-02-02,270,0,0,
2023-02-03,212,0,0,
2023-02-04,211,0,0,
2023-02-05,198,0,0,
2023-02-06,209,0,0,
2023-02-07,308,0,0,
2023-02-08,359,0,0,
2023-02-09,252,0,0,
2023-02-10,207,0,0,
2023-02-11,210,0,0,
2023-02-12,208,0,0,
2023-02-13,210,0,0,
2023-02-14,273,0,0,
2023-02-15,230,0,0,
2023-02-16,360,111,4,
2023-02-17,211,0,0,
2023-02-18,212,0,0,
2023-02-19,212,0,0,
2023-02-20,211,0,0,
2023-02-21,209,0,0,
2023-02-22,508,358,10,
2023-02-23,231,0,0,
2023-02-24,208,0,0,
2023-02-25,186,0,0,
2023-02-26,250,0,0,
2023-02-27,379,153,5,
2023-02-28,205,0,0,
2023-03-01,267,0,0,
2023-03-02,324,45,1,
2023-03-03,478,341,10,
2023-03-04,209,0,0,
2023-03-05,207,0,0,
2023-03-06,207,0,0,
2023-03-07,239,0,0,
2023-03-08,357,0,0,
2023-03-09,345,0,0,
2023-03-10,211,0,0,
2023-03-11,220,0,0,
2023-03-12,428,207,7,
2023-03-13,224,0,0,
2023-03-14,212,0,0,
2023-03-15,209,0,0,
2023-03-16,376,172,5,
2023-03-17,339,0,0,
2023-03-18,210,0,0,
2023-03-19,212,0,0,
2023-03-20,217,0,0,
2023-03-21,235,0,0,
2023-03-22,207,0,0,
2023-03-23,248,0,0,
2023-03-24,353,0,0,
2023-03-25,191,0,0,
2023-03-26,194,0,0,
2023-03-27,208,0,0,
2023-03-28,202,0,0,
2023-03-29,216,0,0,
2023-03-30,241,0,0,
2023-03-31,273,0,0,
2023-04-01,211,0,0,
2023-04-02,263,31,1,
2023-04-03,244,31,1,
2023-04-04,248,0,0,
2023-04-05,308,0,0,
2023-04-06,208,0,0,
2023-04-07,207,0,0,
2023-04-08,205,0,0,
2023-04-09,223,0,0,
2023-04-10,247,0,0,
2023-04-11,242,0,0,
2023-04-12,206,0,0,
2023-04-13,205,0,0,
2023-04-14,260,56,2,
2023-04-15,280,53,2,
2023-04-16,209,0,0,
2023-04-17,208,0,0,
2023-04-18,253,0,0,
2023-04-19,249,37,1,
2023-04-20,619,155,5,
2023-04-21,251,0,0,
2023-04-22,166,0,0,
2023-04-23,272,0,0,
2023-04-24,223,0,0,
2023-04-25,253,0,0,
2023-04-26,297,0,0,
2023-04-27,318,0,0,
2023-04-28,269,0,0,
2023-04-29,222,0,0,
2023-04-30,209,0,0,
2023-05-01,208,0,0,
2023-05-02,205,0,0,
2023-05-03,282,0,0,
2023-05-04,301,0,0,
2023-05-05,275,0,0,
2023-05-06,229,0,0,
2023-05-07,387,202,6,
2023-05-08,273,0,0,
2023-05-09,219,0,0,
2023-05-10,305,0,0,
2023-05-11,395,88,3,
2023-05-12,617,499,12,
2023-05-13,784,599,12,
2023-05-14,692,485,12,
2023-05-15,597,568,12,
2023-05-16,377,215,5,
2023-05-17,237,0,0,
2023-05-18,319,0,0,
2023-05-19,667,413,12,
2023-05-20,278,10,1,
2023-05-21,207,0,0,
2023-05-22,350,17,1,
2023-05-23,413,70,2,
2023-05-24,408,0,0,
2023-05-25,389,0,0,
2023-05-26,298,0,0,
2023-05-27,240,0,0,
2023-05-28,305,0,0,
2023-05-29,428,119,3,
2023-05-30,546,400,12,
2023-05-31,493,301,9,
2023-06-01,630,597,12,
2023-06-02,435,127,4,
2023-06-03,362,0,0,
2023-06-04,355,0,0,
2023-06-05,333,0,0,
2023-06-06,311,0,0,
2023-06-07,295,0,0,
2023-06-08,322,0,0,
2023-06-09,278,0,0,
2023-06-10,331,0,0,
2023-06-11,286,0,0,
2023-06-12,315,0,0,
2023-06-13,348,0,0,
2023-06-14,356,0,0,
2023-06-15,288,0,0,
2023-06-16,527,441,12,
2023-06-17,243,0,0,
2023-06-18,367,145,4,
2023-06-19,205,0,0,
2023-06-20,205,0,0,
2023-06-21,281,0,0,
2023-06-22,467,254,7,
2023-06-23,481,249,8,
2023-06-24,505,381,10,
2023-06-25,314,0,0,
2023-06-26,296,0,0,
2023-06-27,300,0,0,
2023-06-28,263,0,0,
2023-06-29,208,0,0,
2023-06-30,228,0,0,
2023-07-01,360,0,0,
2023-07-02,221,0,0,
2023-07-03,386,133,5,
2023-07-04,662,633,12,
2023-07-05,545,377,11,
2023-07-06,350,0,0,
2023-07-07,417,160,5,
2023-07-08,613,250,7,
2023-07-09,384,130,4,
2023-07-10,268,0,0,
2023-07-11,406,222,6,
2023-07-12,104,0,0,
2023-07-13,0,0,0,
2023-07-14,51,0,0,
2023-07-15,461,245,6,
2023-07-16,308,0,0,
2023-07-17,403,190,5,
2023-07-18,494,292,7,
2023-07-19,375,164,4,
2023-07-20,286,0,0,
2023-07-21,398,170,5,
2023-07-22,205,0,0,
2023-07-23,219,0,0,
2023-07-24,214,0,0,
2023-07-25,206,0,0,
2023-07-26,218,0,0,
2023-07-27,201,0,0,
2023-07-28,225,0,0,
2023-07-29,267,0,0,
2023-07-30,206,0,0,
2023-07-31,203,0,0,
2023-08-01,206,0,0,
2023-08-02,206,0,0,
2023-08-03,206,0,0,
2023-08-04,208,0,0,
2023-08-05,308,0,0,
2023-08-06,325,0,0,
2023-08-07,306,0,0,
2023-08-08,373,163,4,
2023-08-09,332,0,0,
2023-08-10,246,0,0,
2023-08-11,387,0,0,
2023-08-12,516,437,11,
2023-08-13,365,61,2,
2023-08-14,265,0,0,
2023-08-15,206,0,0,
2023-08-16,203,0,0,
2023-08-17,205,0,0,
2023-08-18,206,0,0,
2023-08-19,206,0,0,
2023-08-20,205,0,0,
2023-08-21,206,0,0,
2023-08-22,205,0,0,
2023-08-23,206,0,0,
2023-08-24,207,0,0,
2023-08-25,241,0,0,
2023-08-26,372,91,3,
2023-08-27,346,118,3,
2023-08-28,205,0,0,
2023-08-29,273,0,0,
2023-08-30,210,0,0,
2023-08-31,206,0,0,
2023-09-01,205,0,0,
2023-09-02,206,0,0,
2023-09-03,221,0,0,
2023-09-04,295,0,0,
2023-09-05,245,0,0,
2023-09-06,452,202,7,
2023-09-07,230,0,0,
2023-09-08,397,0,0,
2023-09-09,302,0,0,
2023-09-10,247,0,0,
2023-09-11,342,0,0,
2023-09-12,294,0,0,
2023-09-13,276,0,0,
2023-09-14,331,0,0,
2023-09-15,366,0,0,
2023-09-16,324,0,0,
2023-09-17,237,0,0,
2023-09-18,202,0,0,
2023-09-19,344,0,0,
2023-09-20,382,26,1,
2023-09-21,366,0,0,
2023-09-22,374,0,0,
2023-09-23,238,0,0,
2023-09-24,689,535,12,
2023-09-25,416,302,7,
2023-09-26,202,0,0,
2023-09-27,221,0,0,
2023-09-28,205,0,0,
2023-09-29,208,0,0,
2023-09-30,207,0,0,
2023-10-01,232,0,0,
2023-10-02,207,0,0,
2023-10-03,267,0,0,
2023-10-04,391,74,3,
2023-10-05,296,10,1,
2023-10-06,205,0,0,
2023-10-07,206,0,0,
2023-10-08,205,0,0,
2023-10-09,205,0,0,
2023-10-10,206,0,0,
2023-10-11,206,0,0,
2023-10-12,207,0,0,
2023-10-13,257,0,0,
2023-10-14,206,0,0,
2023-10-15,207,0,0,
2023-10-16,234,0,0,
2023-10-17,333,0,0,
2023-10-18,336,0,0,
2023-10-19,431,55,3,
2023-10-20,236,0,0,
2023-10-21,213,0,0,
2023-10-22,207,0,0,
2023-10-23,253,0,0,
2023-10-24,332,0,0,
2023-10-25,406,14,1,
2023-10-26,379,88,3,
2023-10-27,331,0,0,
2023-10-28,309,0,0,
2023-10-29,349,0,0,
2023-10-30,285,0,0,
2023-10-31,199,0,0,
2023-11-01,208,0,0,
2023-11-02,209,0,0,
2023-11-03,209,0,0,
2023-11-04,185,0,0,
2023-11-05,112,0,0,
2023-11-06,0,0,0,
2023-11-07,0,0,0,
2023-11-08,61,0,0,
2023-11-09,257,0,0,
2023-11-10,226,0,0,
2023-11-11,209,0,0,
2023-11-12,206,0,0,
2023-11-13,207,0,0,
2023-11-14,210,0,0,
2023-11-15,188,0,0,
2023-11-16,48,0,0,
2023-11-17,209,0,0,
2023-11-18,205,0,0,
2023-11-19,238,0,0,
2023-11-20,351,0,0,
2023-11-21,191,0,0,
2023-11-22,206,0,0,
2023-11-23,186,0,0,
2023-11-24,41,0,0,
2023-11-25,263,0,0,
2023-11-26,33,0,0,
2023-11-27,0,0,0,
2023-11-28,0,0,0,
2023-11-29,39,0,0,
2023-11-30,195,0,0,
2023-12-01,253,0,0,
2023-12-02,60,0,0,
2023-12-03,0,0,0,
2023-12-04,0,0,0,
2023-12-05,0,0,0,
2023-12-06,42,0,0,
2023-12-07,212,0,0,
2023-12-08,215,0,0,
2023-12-09,230,0,0,
2023-12-10,210,0,0,
2023-12-11,210,0,0,
2023-12-12,225,0,0,
2023-12-13,324,0,0,
2023-12-14,284,0,0,
2023-12-15,259,0,0,
2023-12-16,212,0,0,
2023-12-17,207,0,0,
2023-12-18,210,0,0,
2023-12-19,209,0,0,
2023-12-20,212,0,0,
2023-12-21,234,0,0,
2023-12-22,266,0,0,
2023-12-23,221,0,0,
2023-12-24,365,0,0,
2023-12-25,247,0,0,
2023-12-26,206,0,0,
2023-12-27,211,0,0,
2023-12-28,233,0,0,
2023-12-29,213,0,0,
2023-12-30,208,0,0,
2023-12-31,210,0,0,
2024-01-01,213,0,0,
2024-01-02,212,0,0,
2024-01-03,212,0,0,
2024-01-04,212,0,0,
2024-01-05,278,0,0,
2024-01-06,262,0,0,
2024-01-07,208,0,0,
2024-01-08,295,0,0,
2024-01-09,230,0,0,
2024-01-10,210,0,0,
2024-01-11,209,0,0,
2024-01-12,251,0,0,
2024-01-13,187,0,0,
2024-01-14,148,0,0,
2024-01-15,148,0,0,
2024-01-16,192,0,0,
2024-01-17,213,0,0,
2024-01-18,209,0,0,
2024-01-19,213,0,0,
2024-01-20,212,0,0,
2024-01-21,222,0,0,
2024-01-22,288,0,0,
2024-01-23,255,0,0,
2024-01-24,263,0,0,
2024-01-25,248,0,0,
2024-01-26,268,0,0,
2024-01-27,273,0,0,
2024-01-28,210,0,0,
2024-01-29,209,0,0,
2024-01-30,209,0,0,
2024-01-31,186,0,0,
2024-02-01,167,0,0,
2024-02-02,212,0,0,
2024-02-03,288,0,0,
2024-02-04,323,0,0,
2024-02-05,220,0,0,
2024-02-06,215,0,0,
2024-02-07,210,0,0,
2024-02-08,215,0,0,
2024-02-09,235,0,0,
2024-02-10,269,0,0,
2024-02-11,100,0,0,
2024-02-12,220,0,0,
2024-02-13,212,0,0,
2024-02-14,210,0,0,
2024-02-15,210,0,0,
2024-02-16,212,0,0,
2024-02-17,202,0,0,
2024-02-18,211,0,0,
2024-02-19,210,0,0,
2024-02-20,208,0,0,
2024-02-21,209,0,0,
2024-02-22,250,0,0,
2024-02-23,209,0,0,
2024-02-24,208,0,0,
2024-02-25,209,0,0,
2024-02-26,208,0,0,
2024-02-27,212,0,0,
2024-02-28,211,0,0,
2024-02-29,220,0,0,
2024-03-01,224,0,0,
2024-03-02,208,0,0,
2024-03-03,207,0,0,
2024-03-04,209,0,0,
2024-03-05,314,0,0,
2024-03-06,217,0,0,
2024-03-07,321,0,0,
2024-03-08,358,0,0,
2024-03-09,249,0,0,
2024-03-10,212,0,0,
2024-03-11,193,0,0,
2024-03-12,208,0,0,
2024-03-13,211,0,0,
2024-03-14,498,187,6,
2024-03-15,434,207,6,
2024-03-16,237,0,0,
2024-03-17,280,0,0,
2024-03-18,186,0,0,
2024-03-19,209,0,0,
2024-03-20,288,0,0,
2024-03-21,350,0,0,
2024-03-22,350,0,0,
2024-03-23,210,0,0,
2024-03-24,279,0,0,
2024-03-25,545,415,11,
2024-03-26,258,0,0,
2024-03-27,283,0,0,
2024-03-28,221,0,0,
2024-03-29,209,0,0,
2024-03-30,194,0,0,
2024-03-31,212,0,0,
2024-04-01,344,76,2,
2024-04-02,407,129,4,
2024-04-03,210,0,0,
2024-04-04,207,0,0,
2024-04-05,206,0,0,
2024-04-06,258,38,1,
2024-04-07,290,21,1,
2024-04-08,210,0,0,
2024-04-09,333,0,0,
2024-04-10,361,0,0,
2024-04-11,217,0,0,
2024-04-12,207,0,0,
2024-04-13,205,0,0,
2024-04-14,207,0,0,
2024-04-15,249,0,0,
2024-04-16,319,0,0,
2024-04-17,179,0,0,
2024-04-18,132,0,0,
2024-04-19,216,0,0,
2024-04-20,319,0,0,
2024-04-21,212,0,0,
2024-04-22,211,0,0,
2024-04-23,209,0,0,
2024-04-24,307,0,0,
2024-04-25,324,0,0,
2024-04-26,588,445,10,
2024-04-27,601,356,10,
2024-04-28,559,271,8,
2024-04-29,578,460,12,
2024-04-30,285,102,3,
2024-05-01,606,405,12,
2024-05-02,516,337,9,
2024-05-03,476,342,8,
2024-05-04,591,519,12,
2024-05-05,587,535,12,
2024-05-06,388,84,3,
2024-05-07,567,471,11,
2024-05-08,279,0,0,
2024-05-09,382,193,5,
2024-05-10,322,82,3,
2024-05-11,239,0,0,
2024-05-12,341,25,1,
2024-05-13,495,238,7,
2024-05-14,239,44,2,
2024-05-15,310,0,0,
2024-05-16,491,262,7,
2024-05-17,250,0,0,
2024-05-18,205,0,0,
2024-05-19,216,0,0,
2024-05-20,559,380,10,
2024-05-21,332,0,0,
2024-05-22,532,278,9,
2024-05-23,465,329,9,
2024-05-24,332,16,1,
2024-05-25,336,87,3,
2024-05-26,611,448,12,
2024-05-27,350,13,1,
2024-05-28,332,25,1,
2024-05-29,300,0,0,
2024-05-30,430,259,8,
2024-05-31,377,136,3,
2024-06-01,309,0,0,
2024-06-02,476,207,6,
2024-06-03,387,99,3,
2024-06-04,408,166,4,
2024-06-05,487,339,9,
2024-06-06,277,87,3,
2024-06-07,561,483,12,
2024-06-08,307,0,0,
2024-06-09,329,0,0,
2024-06-10,383,0,0,
2024-06-11,368,0,0,
2024-06-12,238,0,0,
2024-06-13,209,0,0,
2024-06-14,256,0,0,
2024-06-15,252,0,0,
2024-06-16,277,0,0,
2024-06-17,206,0,0,
2024-06-18,267,0,0,
2024-06-19,345,0,0,
2024-06-20,324,0,0,
2024-06-21,215,0,0,
2024-06-22,208,0,0,
2024-06-23,214,0,0,
2024-06-24,133,0,0,
2024-06-25,249,0,0,
2024-06-26,638,387,10,
2024-06-27,399,101,3,
2024-06-28,300,0,0,
2024-06-29,256,0,0,
2024-06-30,381,0,0,
2024-07-01,234,0,0,
2024-07-02,242,0,0,
2024-07-03,434,80,3,
2024-07-04,443,127,5,
2024-07-05,680,612,12,
2024-07-06,220,0,0,
2024-07-07,532,244,7,
2024-07-08,871,530,12,
2024-07-09,430,253,7,
2024-07-10,205,0,0,
2024-07-11,263,0,0,
2024-07-12,209,0,0,
2024-07-13,268,0,0,
2024-07-14,238,0,0,
2024-07-15,206,0,0,
2024-07-16,164,0,0,
2024-07-17,346,0,0,
2024-07-18,303,0,0,
2024-07-19,261,0,0,
2024-07-20,299,0,0,
2024-07-21,533,388,10,
2024-07-22,462,206,6,
2024-07-23,339,0,0,
2024-07-24,249,0,0,
2024-07-25,243,0,0,
2024-07-26,239,0,0,
2024-07-27,231,0,0,
2024-07-28,314,0,0,
2024-07-29,207,0,0,
2024-07-30,209,0,0,
2024-07-31,209,0,0,
2024-08-01,263,0,0,
2024-08-02,311,0,0,
2024-08-03,294,0,0,
2024-08-04,205,0,0,
2024-08-05,205,0,0,
2024-08-06,231,0,0,
2024-08-07,205,0,0,
2024-08-08,298,0,0,
2024-08-09,326,0,0,
2024-08-10,368,0,0,
2024-08-11,357,0,0,
2024-08-12,343,0,0,
2024-08-13,264,0,0,
2024-08-14,207,0,0,
2024-08-15,372,36,1,
2024-08-16,555,439,12,
2024-08-17,580,527,12,
2024-08-18,210,0,0,
2024-08-19,0,0,0,
2024-08-20,0,0,0,
2024-08-21,37,0,0,
2024-08-22,249,0,0,
2024-08-23,274,0,0,
2024-08-24,286,0,0,
2024-08-25,296,0,0,
2024-08-26,194,0,0,
2024-08-27,266,0,0,
2024-08-28,282,0,0,
2024-08-29,271,0,0,
2024-08-30,377,0,0,
2024-08-31,359,0,0,
2024-09-01,318,0,0,
2024-09-02,276,0,0,
2024-09-03,301,0,0,
2024-09-04,300,0,0,
2024-09-05,263,0,0,
2024-09-06,357,0,0,
2024-09-07,229,0,0,
2024-09-08,205,0,0,
2024-09-09,205,0,0,
2024-09-10,214,0,0,
2024-09-11,196,0,0,
2024-09-12,299,0,0,
2024-09-13,228,0,0,
2024-09-14,309,0,0,
2024-09-15,248,0,0,
2024-09-16,239,0,0,
2024-09-17,187,0,0,
2024-09-18,308,52,2,
2024-09-19,350,102,3,
2024-09-20,387,94,2,
2024-09-21,296,0,0,
2024-09-22,362,0,0,
2024-09-23,354,60,2,
2024-09-24,224,5,1,
2024-09-25,299,58,2,
2024-09-26,205,0,0,
2024-09-27,200,0,0,
2024-09-28,66,0,0,
2024-09-29,0,0,0,
2024-09-30,33,0,0,
2024-10-01,51,0,0,
2024-10-02,94,0,0,
2024-10-03,205,0,0,
2024-10-04,205,0,0,
2024-10-05,93,0,0,
2024-10-06,204,0,0,
2024-10-07,144,0,0,
2024-10-08,192,0,0,
2024-10-09,253,0,0,
2024-10-10,278,0,0,
2024-10-11,361,0,0,
2024-10-12,205,0,0,
2024-10-13,231,0,0,
2024-10-14,225,0,0,
2024-10-15,206,0,0,
2024-10-16,208,0,0,
2024-10-17,213,0,0,
2024-10-18,209,0,0,
2024-10-19,207,0,0,
2024-10-20,206,0,0,
2024-10-21,255,0,0,
2024-10-22,282,0,0,
2024-10-23,205,0,0,
2024-10-24,123,0,0,
2024-10-25,70,0,0,
2024-10-26,207,0,0,
2024-10-27,207,0,0,
2024-10-28,207,0,0,
2024-10-29,208,0,0,
2024-10-30,301,74,3,
2024-10-31,376,129,3,
2024-11-01,292,0,0,
2024-11-02,444,281,8,
2024-11-03,728,699,12,
2024-11-04,860,662,12,
2024-11-05,315,0,0,
2024-11-06,208,0,0,
2024-11-07,249,0,0,
2024-11-08,334,0,0,
2024-11-09,259,0,0,
2024-11-10,206,0,0,
2024-11-11,205,0,0,
2024-11-12,207,0,0,
2024-11-13,293,0,0,
2024-11-14,206,0,0,
2024-11-15,204,0,0,
2024-11-16,208,0,0,
2024-11-17,253,0,0,
2024-11-18,598,383,11,
2024-11-19,204,0,0,
2024-11-20,207,0,0,
2024-11-21,161,0,0,
2024-11-22,0,0,0,
2024-11-23,0,0,0,
2024-11-24,0,0,0,
2024-11-25,8,0,0,
2024-11-26,201,0,0,
2024-11-27,212,0,0,
2024-11-28,210,0,0,
2024-11-29,146,0,0,
2024-11-30,0,0,0,
2024-12-01,0,0,0,
2024-12-02,34,0,0,
2024-12-03,209,0,0,
2024-12-04,211,0,0,
2024-12-05,209,0,0,
2024-12-06,209,0,0,
2024-12-07,210,0,0,
2024-12-08,236,0,0,
2024-12-09,210,0,0,
2024-12-10,210,0,0,
2024-12-11,209,0,0,
2024-12-12,211,0,0,
2024-12-13,210,0,0,
2024-12-14,210,0,0,
2024-12-15,208,0,0,
2024-12-16,369,0,0,
2024-12-17,209,0,0,
2024-12-18,202,0,0,
2024-12-19,204,0,0,
2024-12-20,210,0,0,
2024-12-21,212,0,0,
2024-12-22,212,0,0,
2024-12-23,212,0,0,
2024-12-24,240,0,0,
2024-12-25,264,0,0,
2024-12-26,232,0,0,
2024-12-27,226,0,0,
2024-12-28,280,0,0,
2024-12-29,212,0,0,
2024-12-30,208,0,0,
2024-12-31,212,0,0,
2025-01-01,211,0,0,
2025-01-02,201,0,0,
2025-01-03,212,0,0,
2025-01-04,182,0,0,
2025-01-05,199,0,0,
2025-01-06,262,0,0,
2025-01-07,178,0,0,
2025-01-08,158,0,0,
2025-01-09,198,0,0,
2025-01-10,205,0,0,
2025-01-11,210,0,0,
2025-01-12,211,0,0,
2025-01-13,211,0,0,
2025-01-14,206,0,0,
2025-01-15,209,0,0,
2025-01-16,183,0,0,
2025-01-17,258,0,0,
2025-01-18,206,0,0,
2025-01-19,204,0,0,
2025-01-20,188,0,0,
2025-01-21,160,0,0,
2025-01-22,181,0,0,
2025-01-23,210,0,0,
2025-01-24,210,0,0,
2025-01-25,211,0,0,
2025-01-26,212,0,0,
2025-01-27,211,0,0,
2025-01-28,211,0,0,
2025-01-29,269,0,0,
2025-01-30,302,0,0,
2025-01-31,296,0,0,
2025-02-01,211,0,0,
2025-02-02,210,0,0,
2025-02-03,130,0,0,
2025-02-04,182,0,0,
2025-02-05,151,0,0,
2025-02-06,210,0,0,
2025-02-07,208,0,0,
2025-02-08,231,0,0,
2025-02-09,210,0,0,
2025-02-10,237,0,0,
2025-02-11,299,0,0,
2025-02-12,251,0,0,
2025-02-13,188,0,0,
2025-02-14,216,0,0,
2025-02-15,262,0,0,
2025-02-16,211,0,0,
2025-02-17,212,0,0,
2025-02-18,195,0,0,
2025-02-19,149,0,0,
2025-02-20,148,0,0,
2025-02-21,191,0,0,
2025-02-22,213,0,0,
2025-02-23,210,0,0,
2025-02-24,208,0,0,
2025-02-25,209,0,0,
2025-02-26,211,0,0,
2025-02-27,211,0,0,
2025-02-28,207,0,0,
2025-03-01,208,0,0,
2025-03-02,248,0,0,
2025-03-03,246,0,0,
2025-03-04,569,368,10,
2025-03-05,219,0,0,
2025-03-06,215,0,0,
2025-03-07,252,0,0,
2025-03-08,698,369,10,
2025-03-09,655,380,11,
2025-03-10,231,0,0,
2025-03-11,206,0,0,
2025-03-12,212,0,0,
2025-03-13,208,0,0,
2025-03-14,236,0,0,
2025-03-15,212,0,0,
2025-03-16,211,0,0,
2025-03-17,186,0,0,
2025-03-18,193,0,0,
2025-03-19,208,0,0,
2025-03-20,211,0,0,
2025-03-21,209,0,0,
2025-03-22,208,0,0,
2025-03-23,210,0,0,
2025-03-24,208,0,0,
2025-03-25,211,0,0,
2025-03-26,360,0,0,
2025-03-27,267,0,0,
2025-03-28,353,108,3,
2025-03-29,184,0,0,
2025-03-30,510,327,9,
2025-03-31,279,0,0,
2025-04-01,243,31,2,
2025-04-02,621,508,12,
2025-04-03,491,341,10,
2025-04-04,332,0,0,
2025-04-05,315,0,0,
2025-04-06,207,0,0,
2025-04-07,206,0,0,
2025-04-08,206,0,0,
2025-04-09,207,0,0,
2025-04-10,206,0,0,
2025-04-11,206,0,0,
2025-04-12,185,0,0,
2025-04-13,154,0,0,
2025-04-14,199,0,0,
2025-04-15,211,0,0,
2025-04-16,183,0,0,
2025-04-17,143,0,0,
2025-04-18,213,0,0,
2025-04-19,492,283,8,
2025-04-20,547,400,11,
2025-04-21,206,0,0,
2025-04-22,202,0,0,
2025-04-23,276,0,0,
2025-04-24,316,0,0,
2025-04-25,366,115,3,
2025-04-26,529,314,9,
2025-04-27,266,0,0,
2025-04-28,234,0,0,
2025-04-29,426,166,6,
2025-04-30,588,476,12,
2025-05-01,290,0,0,
2025-05-02,362,111,3,
2025-05-03,215,0,0,
2025-05-04,205,0,0,
2025-05-05,306,0,0,
2025-05-06,289,0,0,
2025-05-07,321,0,0,
2025-05-08,246,0,0,
2025-05-09,308,0,0,
2025-05-10,245,0,0,
2025-05-11,244,0,0,
2025-05-12,205,0,0,
2025-05-13,205,0,0,
2025-05-14,207,0,0,
2025-05-15,323,0,0,
2025-05-16,243,0,0,
2025-05-17,309,101,3,
2025-05-18,561,313,8,
2025-05-19,457,113,4,
2025-05-20,415,223,6,
2025-05-21,208,0,0,
2025-05-22,332,142,5,
2025-05-23,324,48,1,
2025-05-24,743,308,8,
2025-05-25,511,188,6,
2025-05-26,579,531,12,
2025-05-27,405,271,8,
2025-05-28,253,0,0,
2025-05-29,354,0,0,
2025-05-30,293,0,0,
2025-05-31,206,0,0,
2025-06-01,308,0,0,
2025-06-02,215,0,0,
2025-06-03,461,146,4,
2025-06-04,548,392,10,
2025-06-05,397,114,4,
2025-06-06,602,469,12,
2025-06-07,432,188,5,
2025-06-08,400,12,1,
2025-06-09,315,89,3,
2025-06-10,237,0,0,
2025-06-11,362,0,0,
2025-06-12,375,0,0,
2025-06-13,330,0,0,
2025-06-14,345,28,1,
2025-06-15,721,586,12,
2025-06-16,211,0,0,
2025-06-17,310,0,0,
2025-06-18,383,124,3,
2025-06-19,305,0,0,
2025-06-20,232,0,0,
2025-06-21,208,0,0,
2025-06-22,209,0,0,
2025-06-23,247,0,0,
2025-06-24,405,0,0,
2025-06-25,274,0,0,
2025-06-26,324,0,0,
2025-06-27,394,26,1,
2025-06-28,561,474,12,
2025-06-29,496,298,9,
2025-06-30,506,343,9,
2025-07-01,369,0,0,
2025-07-02,346,0,0,
2025-07-03,349,0,0,
2025-07-04,377,0,0,
2025-07-05,290,0,0,
2025-07-06,278,0,0,
2025-07-07,388,0,0,
2025-07-08,362,0,0,
2025-07-09,269,0,0,
2025-07-10,266,0,0,
2025-07-11,289,0,0,
2025-07-12,351,0,0,
2025-07-13,336,0,0,
2025-07-14,388,0,0,
2025-07-15,378,0,0,
2025-07-16,236,0,0,
2025-07-17,366,0,0,
2025-07-18,377,0,0,
2025-07-19,238,0,0,
2025-07-20,206,0,0,
2025-07-21,212,0,0,
2025-07-22,309,0,0,
2025-07-23,232,0,0,
2025-07-24,327,0,0,
2025-07-25,338,0,0,
2025-07-26,402,0,0,
2025-07-27,233,0,0,
2025-07-28,205,0,0,
2025-07-29,243,0,0,
2025-07-30,229,0,0,
2025-07-31,358,0,0,
2025-08-01,388,0,0,
2025-08-02,345,0,0,
2025-08-03,313,0,0,
2025-08-04,296,0,0,
2025-08-05,203,0,0,
2025-08-06,228,0,0,
2025-08-07,205,0,0,
2025-08-08,261,0,0,
2025-08-09,282,0,0,
2025-08-10,292,0,0,
2025-08-11,351,0,0,
2025-08-12,352,0,0,
2025-08-13,352,0,0,
2025-08-14,245,0,0,
2025-08-15,282,0,0,
2025-08-16,207,0,0,
2025-08-17,292,0,0,
2025-08-18,351,0,0,
2025-08-19,351,0,0,
2025-08-20,428,136,5,
2025-08-21,252,0,0,
2025-08-22,184,0,0,
2025-08-23,291,0,0,
2025-08-24,309,0,0,
2025-08-25,333,0,0,
2025-08-26,332,0,0,
2025-08-27,299,0,0,
2025-08-28,364,0,0,
2025-08-29,293,0,0,
2025-08-30,319,0,0,
2025-08-31,353,0,0,
2025-09-01,387,0,0,
2025-09-02,386,0,0,
2025-09-03,240,0,0,
2025-09-04,286,0,0,
2025-09-05,341,0,0,
2025-09-06,302,0,0,
2025-09-07,253,0,0,
2025-09-08,250,0,0,
2025-09-09,273,0,0,
2025-09-10,329,0,0,
2025-09-11,324,0,0,
2025-09-12,231,0,0,
2025-09-13,244,0,0,
2025-09-14,338,0,0,
2025-09-15,397,0,0,
2025-09-16,313,0,0,
2025-09-17,347,0,0,
2025-09-18,385,0,0,
2025-09-19,336,0,0,
2025-09-20,359,0,0,
2025-09-21,352,0,0,
2025-09-22,357,0,0,
2025-09-23,336,0,0,
2025-09-24,378,0,0,
2025-09-25,281,0,0,
2025-09-26,227,0,0,
2025-09-27,205,0,0,
2025-09-28,205,0,0,
2025-09-29,163,0,0,
2025-09-30,167,0,0,
2025-10-01,221,0,0,
2025-10-02,310,0,0,
2025-10-03,220,0,0,
2025-10-04,206,0,0,
2025-10-05,207,0,0,
2025-10-06,235,0,0,
2025-10-07,339,0,0,
2025-10-08,254,0,0,
2025-10-09,208,0,0,
2025-10-10,250,0,0,
2025-10-11,220,0,0,
2025-10-12,239,0,0,
2025-10-13,330,0,0,
2025-10-14,339,0,0,
2025-10-15,247,0,0,
2025-10-16,227,0,0,
2025-10-17,261,0,0,
2025-10-18,375,0,0,
2025-10-19,245,0,0,
2025-10-20,206,0,0,
2025-10-21,204,0,0,
2025-10-22,204,0,0,
2025-10-23,219,0,0,
2025-10-24,405,122,4,
2025-10-25,355,0,0,
2025-10-26,397,0,0,
2025-10-27,305,0,0,
2025-10-28,317,0,0,
2025-10-29,206,0,0,
2025-10-30,205,0,0,
2025-10-31,210,0,0,
2025-11-01,229,0,0,
2025-11-02,206,0,0,
2025-11-03,208,0,0,
2025-11-04,213,0,0,
2025-11-05,212,0,0,
2025-11-06,207,0,0,
2025-11-07,218,0,0,
2025-11-08,245,0,0,
2025-11-09,206,0,0,
2025-11-10,207,0,0,
2025-11-11,209,0,0,
2025-11-12,207,0,0,
2025-11-13,207,0,0,
2025-11-14,217,0,0,
2025-11-15,215,0,0,
2025-11-16,206,0,0,
2025-11-17,208,0,0,
2025-11-18,208,0,0,
2025-11-19,215,0,0,
2025-11-20,339,0,0,
2025-11-21,258,0,0,
2025-11-22,207,0,0,
2025-11-23,228,0,0,
2025-11-24,312,0,0,
2025-11-25,207,0,0,
2025-11-26,208,0,0,
2025-11-27,208,0,0,
2025-11-28,205,0,0,
2025-11-29,264,0,0,
2025-11-30,208,0,0,
2025-12-01,256,0,0,
2025-12-02,213,0,0,
2025-12-03,215,0,0,
2025-12-04,274,0,0,
2025-12-05,209,0,0,
2025-12-06,212,0,0,
2025-12-07,213,0,0,
2025-12-08,209,0,0,
2025-12-09,215,0,0,
2025-12-10,209,0,0,
2025-12-11,207,0,0,
2025-12-12,212,0,0,
2025-12-13,210,0,0,
2025-12-14,212,0,0,
2025-12-15,211,0,0,
2025-12-16,222,0,0,
2025-12-17,232,0,0,
2025-12-18,211,0,0,
2025-12-19,209,0,0,
2025-12-20,211,0,0,
2025-12-21,211,0,0,
2025-12-22,215,0,0,
2025-12-23,217,0,0,
2025-12-24,212,0,0,
2025-12-25,209,0,0,
2025-12-26,211,0,0,
2025-12-27,208,0,0,
2025-12-28,212,0,0,
2025-12-29,212,0,0,
2025-12-30,212,0,0,
2025-12-31,210,0,0,
